,promotion,promotion name,Byron Buxton,Date,NumberofGames,DayofWeek,VisitingTeam,VisitingTeamLeague,VisitingTeamGameNumber,HomeTeam,HomeTeamLeague,HomeTeamGameNumber,VistingTeamScore,HomeTeamScore,NumberofOuts,DayNight,Completition_Information,Forfeit_Information,Byron Buxton,BallParkID,Attendance,LengthofGame,VisitingTeam_LineScore,HomeTeam_LineScore,VisitingTeamOffense_AtBats,VisitingTeamOffense_Hits,VisitingTeamOffense_Doubles,VisitingTeamOffense_Triples,VisitingTeamOffense_Homeruns,VisitingTeamOffense_RBIs,VisitingTeamOffense_SacrificeHits,VisitingTeamOffense_SacrificeFlies,VisitingTeamOffense_HitbyPitch,VisitingTeamOffense_Walks,VisitingTeamOffense_IntentionalWalks,VisitingTeamOffense_Strickouts,VisitingTeamOffense_StolenBases,VisitingTeamOffense_CaughtStealing,VisitingTeamOffense_GroundedintoDoublePlay,VisitingTeamOffense_AwardedFirstonCatcherInterference,VisitingTeamOffense_LeftOnBase,VisitingTeamPitchers_PitchersUsed,VisitingTeamPitchers_IndividualEarnedRuns,VisitingTeamPitchers_TeamEarnedRuns,VisitingTeamPitchers_WildPitches,VisitingTeamPitchers_Balks,VisitingTeamDefense_PutOuts,VisitingTeamDefense_Assists,VisitingTeamDefense_Errors,VisitingTeamDefense_PassedBalls,VisitingTeamDefense_DoublePlays,VisitingTeamDefense_TriplePlays,HomeTeamOffense_AtBats,HomeTeamOffense_Hits,HomeTeamOffense_Doubles,HomeTeamOffense_Triples,HomeTeamOffense_Homeruns,HomeTeamOffense_RBIs,HomeTeamOffense_SacrificeHits,HomeTeamOffense_SacrificeFlies,HomeTeamOffense_HitbyPitch,HomeTeamOffense_Walks,HomeTeamOffense_IntentionalWalks,HomeTeamOffense_Strickouts,HomeTeamOffense_StolenBases,HomeTeamOffense_CaughtStealing,HomeTeamOffense_GroundedintoDoublePlay,HomeTeamOffense_AwardedFirstonCatcherInterference,HomeTeamOffense_LeftOnBase,HomeTeamPitchers_PitchersUsed,HomeTeamPitchers_IndividualEarnedRuns,HomeTeamPitchers_TeamEarnedRuns,HomeTeamPitchers_WildPitches,HomeTeamPitchers_Balks,HomeTeamDefense_PutOuts,HomeTeamDefense_Assists,HomeTeamDefense_Errors,HomeTeamDefense_PassedBalls,HomeTeamDefense_DoublePlays,HomeTeamDefense_TriplePlays,HomePlateUmp_ID,HomePlateUmp_Name,1BUmp_ID,1BUmp_Name,2BUmp_ID,2BUmp_Name,3BUmp_ID,3BUmp_Name,LFUmp_ID,LFUmp_Name,RFUmp_ID,RFUmp_Name,VisitingTeamManager_ID,VisitingTeamManager_Name,HomeTeamManager_ID,HomeTeamManager_Name,WinningPitcher_ID,WinningPitcher_Name,LosingPitcher_ID,LosingPitcher_Name,SavingPitcher_ID,SavingPitcher_Name,GameWinningRBIBatter_ID,GameWinningRBIBatter_Name,VisitingTeam_StartingPitcher_ID,VisitingTeam_StartingPitcher_Name,HomeTeam_StartingPitcher_ID,HomeTeam_StartingPitcher_Name,VisitingTeam_Player1_ID,VisitingTeam_Player1_Name,VisitingTeam_Player1_Position,VisitingTeam_Player2_ID,VisitingTeam_Player2_Name,VisitingTeam_Player2_Position,VisitingTeam_Player3_ID,VisitingTeam_Player3_Name,VisitingTeam_Player3_Position,VisitingTeam_Player4_ID,VisitingTeam_Player4_Name,VisitingTeam_Player4_Position,VisitingTeam_Player5_ID,VisitingTeam_Player5_Name,VisitingTeam_Player5_Position,VisitingTeam_Player6_ID,VisitingTeam_Player6_Name,VisitingTeam_Player6_Position,VisitingTeam_Player7_ID,VisitingTeam_Player7_Name,VisitingTeam_Player7_Position,VisitingTeam_Player8_ID,VisitingTeam_Player8_Name,VisitingTeam_Player8_Position,VisitingTeam_Player9_ID,VisitingTeam_Player9_Name,VisitingTeam_Player9_Position,HomeTeam_Player1_ID,HomeTeam_Player1_Name,HomeTeam_Player1_Position,HomeTeam_Player2_ID,HomeTeam_Player2_Name,HomeTeam_Player2_Position,HomeTeam_Player3_ID,HomeTeam_Player3_Name,HomeTeam_Player3_Position,HomeTeam_Player4_ID,HomeTeam_Player4_Name,HomeTeam_Player4_Position,HomeTeam_Player5_ID,HomeTeam_Player5_Name,HomeTeam_Player5_Position,HomeTeam_Player6_ID,HomeTeam_Player6_Name,HomeTeam_Player6_Position,HomeTeam_Player7_ID,HomeTeam_Player7_Name,HomeTeam_Player7_Position,HomeTeam_Player8_ID,HomeTeam_Player8_Name,HomeTeam_Player8_Position,HomeTeam_Player9_ID,HomeTeam_Player9_Name,HomeTeam_Player9_Position,Additional_Information,Acquisition_Information,DOW,Rank,VisitingLeague,DN,NFLVKGDAY
51930,1,"Opening weekend jacket for first 10,000 fans",1,20220408,0,Fri,SEA,AL,1,MIN,AL,1,2,1,54,D,,,1,MIN04,35462,173,200000000,100000,31,5,0,0,1,2,0,0,1,7,0,11,0,0,1,0,10,3,1,1,0,0,27,9,0,0,2,0,29,4,0,0,1,1,0,0,1,4,0,6,0,0,2,0,6,4,2,2,1,0,27,7,0,0,1,0,kulpr901,Ron Kulpa,fostm901,Marty Foster,conrc901,Chris Conroy,torrc901,Carlos Torres,,(none),,(none),servs002,Scott Servais,baldr001,Rocco Baldelli,ray-r002,Robbie Ray,ryanj002,Joe Ryan,stecd001,Drew Steckenrider,hanim001,Mitch Haniger,ray-r002,Robbie Ray,ryanj002,Joe Ryan,fraza001,Adam Frazier,4,frant002,Ty France,3,winkj002,Jesse Winker,7,hanim001,Mitch Haniger,9,suare001,Eugenio Suarez,5,kelej001,Jarred Kelenic,10,rodrj007,Julio Rodriguez,8,crawj002,J.P. Crawford,6,ralec001,Cal Raleigh,2,buxtb001,Byron Buxton,8,corrc001,Carlos Correa,6,polaj001,Jorge Polanco,4,urshg001,Giovanny Urshela,5,sanom001,Miguel Sano,3,kiria001,Alex Kirilloff,7,sancg002,Gary Sanchez,10,jeffr002,Ryan Jeffers,2,keplm001,Max Kepler,9,,Y,5,16,0,0,0
51945,1,"Opening weekend jacket for first 10,000 fans",1,20220409,0,Sat,SEA,AL,2,MIN,AL,2,4,3,54,D,,,1,MIN04,20867,189,1010002,100000020,35,9,3,0,1,4,0,0,0,4,0,7,1,0,1,0,8,5,3,3,0,0,27,4,0,0,0,0,31,4,0,0,2,3,0,0,1,2,0,14,0,0,0,0,4,5,4,4,0,0,27,8,1,0,1,0,fostm901,Marty Foster,conrc901,Chris Conroy,torrc901,Carlos Torres,kulpr901,Ron Kulpa,,(none),,(none),servs002,Scott Servais,baldr001,Rocco Baldelli,munoa002,Andres Munoz,dufft001,Tyler Duffey,castd002,Diego Castillo,frant002,Ty France,gilbl002,Logan Gilbert,grays001,Sonny Gray,fraza001,Adam Frazier,4,frant002,Ty France,3,winkj002,Jesse Winker,10,hanim001,Mitch Haniger,9,toroa001,Abraham Toro,5,kelej001,Jarred Kelenic,7,rodrj007,Julio Rodriguez,8,crawj002,J.P. Crawford,6,murpt002,Tom Murphy,2,buxtb001,Byron Buxton,8,arral001,Luis Arraez,5,corrc001,Carlos Correa,6,polaj001,Jorge Polanco,4,kiria001,Alex Kirilloff,10,sanom001,Miguel Sano,3,keplm001,Max Kepler,9,jeffr002,Ryan Jeffers,2,gordn001,Nick Gordon,7,,Y,6,16,0,0,0
51960,1,"Opening weekend jacket for first 10,000 fans",1,20220410,0,Sun,SEA,AL,3,MIN,AL,3,4,10,51,D,,,1,MIN04,17018,191,4000000,51110110x,33,7,2,0,1,4,0,0,0,4,0,8,0,0,0,0,6,5,6,6,1,0,24,6,1,0,0,0,35,10,1,0,6,10,0,0,0,3,0,9,0,0,0,0,4,5,4,4,0,0,27,8,0,0,0,0,conrc901,Chris Conroy,torrc901,Carlos Torres,kulpr901,Ron Kulpa,fostm901,Marty Foster,,(none),,(none),servs002,Scott Servais,baldr001,Rocco Baldelli,oberb002,Bailey Ober,gonzm005,Marco Gonzales,,(none),buxtb001,Byron Buxton,gonzm005,Marco Gonzales,oberb002,Bailey Ober,fraza001,Adam Frazier,4,frant002,Ty France,3,winkj002,Jesse Winker,7,hanim001,Mitch Haniger,10,kelej001,Jarred Kelenic,9,suare001,Eugenio Suarez,5,rodrj007,Julio Rodriguez,8,crawj002,J.P. Crawford,6,torrl001,Luis Torrens,2,buxtb001,Byron Buxton,8,corrc001,Carlos Correa,6,polaj001,Jorge Polanco,4,urshg001,Giovanny Urshela,5,sanom001,Miguel Sano,3,kiria001,Alex Kirilloff,7,sancg002,Gary Sanchez,2,jeffr002,Ryan Jeffers,10,keplm001,Max Kepler,9,,Y,7,16,0,0,0
51971,1,"Magnet schedule for the first 10,000 fans",1,20220411,0,Mon,SEA,AL,4,MIN,AL,4,0,4,51,N,,,1,MIN04,12932,180,0,10003000x,31,2,1,0,0,0,0,0,0,3,0,5,1,0,0,0,7,5,4,4,0,0,24,7,1,0,1,0,32,10,3,0,0,4,0,0,0,3,0,8,1,0,1,1,8,5,0,0,0,0,27,10,3,0,0,0,torrc901,Carlos Torres,kulpr901,Ron Kulpa,fostm901,Marty Foster,conrc901,Chris Conroy,,(none),,(none),servs002,Scott Servais,baldr001,Rocco Baldelli,bundd001,Dylan Bundy,flexc001,Chris Flexen,,(none),polaj001,Jorge Polanco,flexc001,Chris Flexen,bundd001,Dylan Bundy,fraza001,Adam Frazier,10,frant002,Ty France,3,winkj002,Jesse Winker,7,hanim001,Mitch Haniger,9,toroa001,Abraham Toro,4,suare001,Eugenio Suarez,5,crawj002,J.P. Crawford,6,rodrj007,Julio Rodriguez,8,ralec001,Cal Raleigh,2,buxtb001,Byron Buxton,8,corrc001,Carlos Correa,6,arral001,Luis Arraez,5,polaj001,Jorge Polanco,4,urshg001,Giovanny Urshela,10,keplm001,Max Kepler,9,sancg002,Gary Sanchez,2,sanom001,Miguel Sano,3,kiria001,Alex Kirilloff,7,,Y,1,16,0,1,0
51986,0,,1,20220412,0,Tue,LAN,NL,4,MIN,AL,5,7,2,54,N,,,1,MIN04,16732,240,10060,10010,35,9,3,1,0,7,0,1,0,9,0,10,3,0,0,0,11,6,1,1,0,0,27,11,1,0,0,0,33,5,3,0,0,1,0,0,1,3,0,9,0,0,0,0,8,8,7,7,1,0,27,6,0,0,0,0,mealj901,Jerry Meals,hicke901,Ed Hickox,viscj901,Jansen Visconti,willr901,Ryan Wills,,(none),,(none),robed001,Dave Roberts,baldr001,Rocco Baldelli,hudsd001,Daniel Hudson,pagae001,Emilio Pagan,,(none),turnt001,Trea Turner,heana001,Andrew Heaney,archc001,Chris Archer,bettm001,Mookie Betts,9,freef001,Freddie Freeman,3,turnt001,Trea Turner,6,muncm001,Max Muncy,5,turnj001,Justin Turner,10,smitw003,Will Smith,2,bellc002,Cody Bellinger,8,taylc001,Chris Taylor,7,lux-g001,Gavin Lux,4,buxtb001,Byron Buxton,8,corrc001,Carlos Correa,6,polaj001,Jorge Polanco,4,urshg001,Giovanny Urshela,5,sancg002,Gary Sanchez,10,keplm001,Max Kepler,9,jeffr002,Ryan Jeffers,2,sanom001,Miguel Sano,3,celeg001,Gilberto Celestino,7,,Y,2,2,1,1,0
51999,0,,1,20220413,0,Wed,LAN,NL,5,MIN,AL,6,7,0,54,D,,,1,MIN04,17101,154,210000031,0,38,11,3,0,4,7,0,1,1,4,0,7,1,0,0,0,10,3,0,0,0,0,27,3,0,0,0,0,28,1,0,0,0,0,0,0,0,1,0,14,0,0,0,0,2,3,7,7,0,0,27,9,2,0,0,0,hicke901,Ed Hickox,viscj901,Jansen Visconti,willr901,Ryan Wills,mealj901,Jerry Meals,,(none),,(none),robed001,Dave Roberts,baldr001,Rocco Baldelli,kersc001,Clayton Kershaw,paddc001,Chris Paddack,,(none),turnj001,Justin Turner,kersc001,Clayton Kershaw,paddc001,Chris Paddack,bettm001,Mookie Betts,9,freef001,Freddie Freeman,3,turnt001,Trea Turner,6,muncm001,Max Muncy,10,turnj001,Justin Turner,5,taylc001,Chris Taylor,7,bellc002,Cody Bellinger,8,lux-g001,Gavin Lux,4,barna001,Austin Barnes,2,buxtb001,Byron Buxton,10,arral001,Luis Arraez,4,urshg001,Giovanny Urshela,5,polaj001,Jorge Polanco,6,sancg002,Gary Sanchez,2,keplm001,Max Kepler,9,sanom001,Miguel Sano,3,celeg001,Gilberto Celestino,8,gordn001,Nick Gordon,7,,Y,3,2,1,0,0
52116,0,,0,20220422,0,Fri,CHA,AL,13,MIN,AL,14,1,2,51,N,,,0,MIN04,14257,184,10000,00000002x,33,6,2,0,1,1,0,0,0,3,0,11,0,0,0,0,8,4,1,1,1,0,24,7,2,0,1,0,27,5,2,0,0,1,0,0,0,3,0,9,0,1,1,0,4,4,1,1,1,0,27,7,0,0,0,0,welkb901,Bill Welke,morag901,Gabe Morales,segac901,Chris Segal,fleta901,Andy Fletcher,,(none),,(none),larut101,Tony LaRussa,baldr001,Rocco Baldelli,dufft001,Tyler Duffey,gravk001,Kendall Graveman,pagae001,Emilio Pagan,,(none),kopem001,Michael Kopech,oberb002,Bailey Ober,andet001,Tim Anderson,6,garcl004,Leury Garcia,4,abrej003,Jose Abreu,3,jimee001,Eloy Jimenez,10,sheeg001,Gavin Sheets,9,polla001,A.J. Pollock,8,vauga001,Andrew Vaughn,7,mcgur002,Reese McGuire,2,burgj001,Jake Burger,5,arral001,Luis Arraez,3,corrc001,Carlos Correa,6,polaj001,Jorge Polanco,4,keplm001,Max Kepler,9,urshg001,Giovanny Urshela,5,larnt001,Trevor Larnach,7,sanom001,Miguel Sano,10,gordn001,Nick Gordon,8,jeffr002,Ryan Jeffers,2,,Y,5,15,0,1,0
52132,0,,1,20220423,0,Sat,CHA,AL,14,MIN,AL,15,2,9,51,D,,,1,MIN04,16686,212,1010,12041010x,34,7,2,0,1,2,0,0,0,2,0,11,0,0,0,0,7,5,9,9,1,0,24,5,1,0,0,0,38,14,2,0,2,9,0,0,1,4,0,11,0,0,0,0,10,4,2,2,0,0,27,7,0,0,0,0,morag901,Gabe Morales,segac901,Chris Segal,fleta901,Andy Fletcher,welkb901,Bill Welke,,(none),,(none),larut101,Tony LaRussa,baldr001,Rocco Baldelli,bundd001,Dylan Bundy,velav001,Vincent Velasquez,,(none),polaj001,Jorge Polanco,velav001,Vincent Velasquez,bundd001,Dylan Bundy,andet001,Tim Anderson,6,vauga001,Andrew Vaughn,9,abrej003,Jose Abreu,3,grany001,Yasmani Grandal,10,jimee001,Eloy Jimenez,7,engea001,Adam Engel,8,garcl004,Leury Garcia,4,mcgur002,Reese McGuire,2,burgj001,Jake Burger,5,buxtb001,Byron Buxton,8,arral001,Luis Arraez,5,corrc001,Carlos Correa,6,polaj001,Jorge Polanco,4,keplm001,Max Kepler,9,larnt001,Trevor Larnach,10,sanom001,Miguel Sano,3,jeffr002,Ryan Jeffers,2,gordn001,Nick Gordon,7,,Y,6,15,0,0,0
52147,1,"Bomber cap for the first 10,000 fans",1,20220424,0,Sun,CHA,AL,15,MIN,AL,16,4,6,58,D,,,1,MIN04,16197,230,1010001001,10002003,37,9,0,0,2,4,0,0,0,3,0,7,1,0,2,0,7,6,5,5,1,0,28,4,1,0,0,0,36,9,0,0,2,6,0,1,0,9,0,14,0,0,0,0,13,4,3,3,1,0,30,15,1,0,2,0,segac901,Chris Segal,fleta901,Andy Fletcher,welkb901,Bill Welke,morag901,Gabe Morales,,(none),,(none),larut101,Tony LaRussa,baldr001,Rocco Baldelli,smitj002,Joe Smith,hendl001,Liam Hendriks,,(none),buxtb001,Byron Buxton,gioll001,Lucas Giolito,archc001,Chris Archer,andet001,Tim Anderson,6,polla001,A.J. Pollock,9,grany001,Yasmani Grandal,2,abrej003,Jose Abreu,10,sheeg001,Gavin Sheets,3,vauga001,Andrew Vaughn,7,garcl004,Leury Garcia,4,hasea001,Adam Haseley,8,mendd002,Danny Mendick,5,buxtb001,Byron Buxton,8,arral001,Luis Arraez,10,polaj001,Jorge Polanco,4,keplm001,Max Kepler,9,urshg001,Giovanny Urshela,5,larnt001,Trevor Larnach,7,gordn001,Nick Gordon,6,sanom001,Miguel Sano,3,godoj001,Jose Godoy,2,,Y,7,15,0,0,0
52169,0,,1,20220426,0,Tue,DET,AL,16,MIN,AL,17,4,5,52,N,,,1,MIN04,11803,185,1030,10200002,33,8,2,0,1,4,0,0,0,4,0,10,0,0,2,0,6,4,3,3,1,0,25,7,1,0,1,0,29,5,1,0,1,3,0,0,0,5,0,10,0,0,1,0,4,5,4,4,0,0,27,11,0,0,2,0,tumpj901,John Tumpane,blakr901,Ryan Blakney,hudsm901,Marvin Hudson,johna901,Adrian Johnson,,(none),,(none),hinca001,A.J. Hinch,baldr001,Rocco Baldelli,jax-g001,Griffin Jax,sotog003,Gregory Soto,,(none),,(none),rodre004,Eduardo Rodriguez,paddc001,Chris Paddack,grosr001,Robbie Grossman,9,meada001,Austin Meadows,7,baezj001,Javier Baez,6,cabrm001,Miguel Cabrera,10,torks001,Spencer Torkelson,3,candj002,Jeimer Candelario,5,schoj001,Jonathan Schoop,4,barnt001,Tucker Barnhart,2,hilld002,Derek Hill,8,buxtb001,Byron Buxton,10,corrc001,Carlos Correa,6,polaj001,Jorge Polanco,4,garlk001,Kyle Garlick,7,urshg001,Giovanny Urshela,5,keplm001,Max Kepler,9,sanom001,Miguel Sano,3,jeffr002,Ryan Jeffers,2,celeg001,Gilberto Celestino,8,,Y,2,18,0,1,0
52184,0,,1,20220427,0,Wed,DET,AL,17,MIN,AL,18,0,5,51,N,,,1,MIN04,11829,143,0,01012010x,29,2,1,0,0,0,0,0,0,1,0,10,0,0,0,0,3,4,5,5,0,0,24,14,0,0,1,0,31,9,3,0,3,5,0,0,0,3,0,3,0,1,1,0,5,3,0,0,0,0,27,7,0,0,0,0,blakr901,Ryan Blakney,hudsm901,Marvin Hudson,johna901,Adrian Johnson,tumpj901,John Tumpane,,(none),,(none),hinca001,A.J. Hinch,baldr001,Rocco Baldelli,ryanj002,Joe Ryan,pinem001,Michael Pineda,,(none),keplm001,Max Kepler,pinem001,Michael Pineda,ryanj002,Joe Ryan,grosr001,Robbie Grossman,9,meada001,Austin Meadows,7,baezj001,Javier Baez,6,cabrm001,Miguel Cabrera,10,torks001,Spencer Torkelson,3,candj002,Jeimer Candelario,5,schoj001,Jonathan Schoop,4,haase001,Eric Haase,2,badda001,Akil Baddoo,8,buxtb001,Byron Buxton,8,arral001,Luis Arraez,3,corrc001,Carlos Correa,6,polaj001,Jorge Polanco,4,keplm001,Max Kepler,9,urshg001,Giovanny Urshela,5,larnt001,Trevor Larnach,10,jeffr002,Ryan Jeffers,2,gordn001,Nick Gordon,7,,Y,3,18,0,1,0
52197,0,,0,20220428,0,Thu,DET,AL,18,MIN,AL,19,1,7,51,D,,,0,MIN04,19365,189,100000,02004100x,36,11,0,0,0,1,0,0,1,3,0,6,0,0,1,0,12,4,6,6,0,0,24,8,3,0,1,0,35,12,2,0,0,6,1,0,0,3,0,8,0,0,1,0,8,4,1,1,0,1,27,6,0,0,2,0,hudsm901,Marvin Hudson,johna901,Adrian Johnson,tumpj901,John Tumpane,blakr901,Ryan Blakney,,(none),,(none),hinca001,A.J. Hinch,baldr001,Rocco Baldelli,stasc001,Cody Stashak,skubt001,Tarik Skubal,jax-g001,Griffin Jax,larnt001,Trevor Larnach,skubt001,Tarik Skubal,oberb002,Bailey Ober,hilld002,Derek Hill,8,meada001,Austin Meadows,9,grosr001,Robbie Grossman,10,baezj001,Javier Baez,6,torks001,Spencer Torkelson,3,casth001,Harold Castro,5,schoj001,Jonathan Schoop,4,barnt001,Tucker Barnhart,2,castw003,Willi Castro,7,polaj001,Jorge Polanco,4,corrc001,Carlos Correa,6,arral001,Luis Arraez,3,urshg001,Giovanny Urshela,5,garlk001,Kyle Garlick,7,keplm001,Max Kepler,9,jeffr002,Ryan Jeffers,2,larnt001,Trevor Larnach,10,celeg001,Gilberto Celestino,8,,Y,4,18,0,0,0
52303,0,,0,20220506,0,Fri,OAK,AL,26,MIN,AL,27,1,2,51,N,,,0,MIN04,17509,164,1000,01001000x,29,4,0,0,0,1,0,1,0,2,0,11,1,1,0,0,4,5,2,2,0,0,24,4,0,0,0,0,32,8,2,0,2,2,0,0,0,4,0,8,0,0,0,0,10,4,0,0,0,0,27,8,1,0,0,0,cejan901,Nestor Ceja,drecb901,Bruce Dreckman,hobep901,Pat Hoberg,emmep901,Paul Emmel,,(none),,(none),kotsm001,Mark Kotsay,baldr001,Rocco Baldelli,windj002,Josh Winder,loguz001,Zach Logue,pagae001,Emilio Pagan,miraj002,Jose Miranda,loguz001,Zach Logue,windj002,Josh Winder,neuss001,Sheldon Neuse,3,lowrj001,Jed Lowrie,10,murps001,Sean Murphy,2,piscs001,Stephen Piscotty,9,pindc001,Chad Pinder,7,smitk003,Kevin Smith,5,andre001,Elvis Andrus,6,pachc001,Cristian Pache,8,kempt001,Tony Kemp,4,buxtb001,Byron Buxton,10,polaj001,Jorge Polanco,4,sancg002,Gary Sanchez,2,urshg001,Giovanny Urshela,5,keplm001,Max Kepler,9,miraj002,Jose Miranda,3,lewir003,Royce Lewis,6,larnt001,Trevor Larnach,7,celeg001,Gilberto Celestino,8,,Y,5,27,0,1,0
52318,0,,1,20220507,0,Sat,OAK,AL,27,MIN,AL,28,0,1,51,D,,24239.85417,1,MIN04,22272,175,0,00000100x,29,3,1,0,0,0,0,0,1,3,0,15,1,0,1,0,6,5,1,1,1,0,24,4,1,0,2,0,28,5,2,0,1,1,0,0,1,2,0,9,0,0,1,0,6,4,0,0,0,0,27,5,0,0,1,0,drecb901,Bruce Dreckman,hobep901,Pat Hoberg,emmep901,Paul Emmel,cejan901,Nestor Ceja,,(none),,(none),kotsm001,Mark Kotsay,baldr001,Rocco Baldelli,jax-g001,Griffin Jax,kaprj001,James Kaprielian,duraj002,Jhoan Duran,polaj001,Jorge Polanco,kaprj001,James Kaprielian,grays001,Sonny Gray,kempt001,Tony Kemp,4,neuss001,Sheldon Neuse,3,pindc001,Chad Pinder,10,brows003,Seth Brown,7,smitk003,Kevin Smith,5,bethc001,Christian Bethancourt,2,mckib001,Billy McKinney,9,andre001,Elvis Andrus,6,pachc001,Cristian Pache,8,buxtb001,Byron Buxton,8,keplm001,Max Kepler,9,polaj001,Jorge Polanco,4,sancg002,Gary Sanchez,10,gordn001,Nick Gordon,7,miraj002,Jose Miranda,5,kiria001,Alex Kirilloff,3,jeffr002,Ryan Jeffers,2,lewir003,Royce Lewis,6,,Y,6,27,0,0,0
52334,0,,0,20220508,0,Sun,OAK,AL,28,MIN,AL,29,3,4,51,D,,21870.0625,0,MIN04,14295,199,102000000,01300000x,34,8,1,0,0,3,0,0,0,2,0,10,1,0,1,0,6,5,4,4,0,0,24,8,1,0,2,0,31,9,3,0,0,4,0,1,0,1,0,5,1,0,2,0,5,6,3,3,1,0,27,7,0,0,1,0,hobep901,Pat Hoberg,emmep901,Paul Emmel,cejan901,Nestor Ceja,drecb901,Bruce Dreckman,,(none),,(none),kotsm001,Mark Kotsay,baldr001,Rocco Baldelli,stasc001,Cody Stashak,jeffd001,Daulton Jefferies,pagae001,Emilio Pagan,polaj001,Jorge Polanco,jeffd001,Daulton Jefferies,paddc001,Chris Paddack,laurr001,Ramon Laureano,9,neuss001,Sheldon Neuse,4,murps001,Sean Murphy,2,brows003,Seth Brown,3,pindc001,Chad Pinder,10,smitk003,Kevin Smith,5,mckib001,Billy McKinney,7,andre001,Elvis Andrus,6,pachc001,Cristian Pache,8,keplm001,Max Kepler,9,miraj002,Jose Miranda,10,polaj001,Jorge Polanco,4,sancg002,Gary Sanchez,2,gordn001,Nick Gordon,7,urshg001,Giovanny Urshela,5,lewir003,Royce Lewis,6,kiria001,Alex Kirilloff,3,celeg001,Gilberto Celestino,8,,Y,7,27,0,0,0
52361,0,,0,20220510,0,Tue,HOU,AL,30,MIN,AL,30,5,0,54,N,,,0,MIN04,16156,190,10121000,0,33,7,1,0,0,5,0,2,1,9,0,7,2,0,0,0,13,2,0,0,0,0,27,11,0,0,2,0,27,3,0,0,0,0,0,0,0,2,0,5,0,0,2,0,2,4,4,4,0,0,27,6,1,0,0,0,welkb901,Bill Welke,segac901,Chris Segal,merzd901,Dan Merzel,fleta901,Andy Fletcher,,(none),,(none),baked002,Dusty Baker,baldr001,Rocco Baldelli,verlj001,Justin Verlander,ryanj002,Joe Ryan,,(none),penaj004,Jeremy Pena,verlj001,Justin Verlander,ryanj002,Joe Ryan,altuj001,Jose Altuve,4,branm003,Michael Brantley,7,brega001,Alex Bregman,5,alvay001,Yordan Alvarez,10,gurry001,Yulieski Gurriel,3,tuckk001,Kyle Tucker,9,mccoc001,Chas McCormick,8,penaj004,Jeremy Pena,6,maldm001,Martin Maldonado,2,keplm001,Max Kepler,9,miraj002,Jose Miranda,3,sancg002,Gary Sanchez,10,polaj001,Jorge Polanco,4,urshg001,Giovanny Urshela,5,lewir003,Royce Lewis,6,kiria001,Alex Kirilloff,7,jeffr002,Ryan Jeffers,2,celeg001,Gilberto Celestino,8,,Y,2,13,0,1,0
52385,0,,1,20220512,0,Thu,HOU,AL,32,MIN,AL,32,5,0,54,D,,,1,MIN04,16918,200,12100001,0,35,9,3,0,2,4,0,0,0,6,0,9,2,0,1,0,9,4,0,0,0,0,27,4,0,0,0,0,34,7,2,0,0,0,0,0,0,2,0,13,0,0,0,0,9,4,4,4,0,0,27,5,1,0,1,0,merzd901,Dan Merzel,fleta901,Andy Fletcher,welkb901,Bill Welke,tosia901,Alex Tosi,,(none),,(none),baked002,Dusty Baker,baldr001,Rocco Baldelli,garcl007,Luis Garcia,windj002,Josh Winder,,(none),mccoc001,Chas McCormick,garcl007,Luis Garcia,windj002,Josh Winder,altuj001,Jose Altuve,4,penaj004,Jeremy Pena,6,brega001,Alex Bregman,5,alvay001,Yordan Alvarez,10,tuckk001,Kyle Tucker,9,mccoc001,Chas McCormick,7,goodn002,Niko Goodrum,3,castj006,Jason Castro,2,sirij001,Jose Siri,8,buxtb001,Byron Buxton,10,arral001,Luis Arraez,3,polaj001,Jorge Polanco,4,keplm001,Max Kepler,9,miraj002,Jose Miranda,5,kiria001,Alex Kirilloff,7,jeffr002,Ryan Jeffers,2,gordn001,Nick Gordon,8,lewir003,Royce Lewis,6,,Y,4,13,0,0,0
52398,0,,1,20220513,0,Fri,CLE,AL,31,MIN,AL,33,8,12,51,N,,,1,MIN04,18711,206,1012202,20009001x,37,9,0,1,3,8,0,0,0,7,0,12,1,0,1,0,9,5,12,12,0,0,24,9,0,0,2,0,34,13,3,0,4,11,0,1,1,5,0,8,0,0,2,0,5,5,6,6,0,0,27,10,2,1,1,0,tumpj901,John Tumpane,blakr901,Ryan Blakney,hudsm901,Marvin Hudson,bacce901,Erich Bacchus,,(none),,(none),frant001,Terry Francona,baldr001,Rocco Baldelli,jax-g001,Griffin Jax,civaa001,Aaron Civale,,(none),,(none),civaa001,Aaron Civale,grays001,Sonny Gray,stram002,Myles Straw,8,kwans001,Steven Kwan,7,ramij003,Jose Ramirez,5,millo002,Owen Miller,3,rosaa003,Amed Rosario,6,reyef001,Franmil Reyes,10,gimea001,Andres Gimenez,4,merco003,Oscar Mercado,9,hedga001,Austin Hedges,2,buxtb001,Byron Buxton,8,arral001,Luis Arraez,3,polaj001,Jorge Polanco,4,keplm001,Max Kepler,9,sancg002,Gary Sanchez,10,urshg001,Giovanny Urshela,5,gordn001,Nick Gordon,7,jeffr002,Ryan Jeffers,2,lewir003,Royce Lewis,6,,Y,5,24,0,1,0
52413,0,,0,20220514,0,Sat,CLE,AL,32,MIN,AL,34,3,2,60,N,,,0,MIN04,22939,211,100000002,1000001,35,7,2,0,0,3,0,0,0,2,0,5,1,0,1,0,5,4,1,1,0,0,30,11,0,0,1,0,39,10,2,0,1,2,0,0,1,3,0,9,1,0,1,0,12,7,2,2,1,0,30,13,0,0,1,0,blakr901,Ryan Blakney,bacce901,Erich Bacchus,,(none),tumpj901,John Tumpane,,(none),,(none),frant001,Terry Francona,baldr001,Rocco Baldelli,sandn001,Nick Sandlin,cottj001,Jharel Cotton,clase001,Emmanuel Clase,gimea001,Andres Gimenez,biebs001,Shane Bieber,smeld001,Devin Smeltzer,stram002,Myles Straw,8,kwans001,Steven Kwan,7,ramij003,Jose Ramirez,5,millo002,Owen Miller,3,rosaa003,Amed Rosario,6,reyef001,Franmil Reyes,10,gimea001,Andres Gimenez,4,merco003,Oscar Mercado,9,hedga001,Austin Hedges,2,arral001,Luis Arraez,10,polaj001,Jorge Polanco,4,sancg002,Gary Sanchez,2,keplm001,Max Kepler,9,urshg001,Giovanny Urshela,5,miraj002,Jose Miranda,3,gordn001,Nick Gordon,7,celeg001,Gilberto Celestino,8,lewir003,Royce Lewis,6,,Y,6,24,0,1,0
52429,0,,1,20220515,0,Sun,CLE,AL,33,MIN,AL,35,1,3,51,D,,,1,MIN04,19850,158,100000,10011000x,33,6,3,0,1,1,0,0,0,0,0,9,1,0,0,0,5,2,3,3,0,0,24,4,0,0,0,0,28,4,0,0,2,3,0,0,0,2,0,4,1,0,0,0,3,5,1,1,0,0,27,7,0,0,0,0,bacce901,Erich Bacchus,tumpj901,John Tumpane,blakr901,Ryan Blakney,millb903,Brennan Miller,,(none),,(none),frant001,Terry Francona,baldr001,Rocco Baldelli,ryanj002,Joe Ryan,mcket001,Triston McKenzie,pagae001,Emilio Pagan,urshg001,Giovanny Urshela,mcket001,Triston McKenzie,ryanj002,Joe Ryan,stram002,Myles Straw,8,kwans001,Steven Kwan,9,ramij003,Jose Ramirez,5,millo002,Owen Miller,3,rosaa003,Amed Rosario,6,reyef001,Franmil Reyes,10,gimea001,Andres Gimenez,4,palar002,Richie Palacios,7,maill001,Luke Maile,2,buxtb001,Byron Buxton,8,arral001,Luis Arraez,3,polaj001,Jorge Polanco,4,keplm001,Max Kepler,9,sancg002,Gary Sanchez,10,urshg001,Giovanny Urshela,5,gordn001,Nick Gordon,7,jeffr002,Ryan Jeffers,2,lewir003,Royce Lewis,6,,Y,7,24,0,0,0
52538,0,,1,20220523,0,Mon,DET,AL,41,MIN,AL,42,4,5,52,N,,,1,MIN04,16361,175,10011100,400000001,37,10,3,0,1,4,0,0,1,2,0,10,0,0,0,0,9,5,5,5,1,0,25,9,0,0,1,0,31,7,0,0,1,5,0,0,0,4,0,8,0,0,1,0,5,5,4,4,0,0,27,6,0,0,0,0,gonzm901,Manny Gonzalez,buckc901,CB Bucknor,ramoc901,Charlie Ramos,nelsj901,Jeff Nelson,,(none),,(none),hinca001,A.J. Hinch,baldr001,Rocco Baldelli,pagae001,Emilio Pagan,chafa001,Andrew Chafin,,(none),urshg001,Giovanny Urshela,rodre005,Elvin Rodriguez,archc001,Chris Archer,grosr001,Robbie Grossman,9,schoj001,Jonathan Schoop,4,cabrm001,Miguel Cabrera,10,baezj001,Javier Baez,6,casth001,Harold Castro,5,castw003,Willi Castro,7,torks001,Spencer Torkelson,3,haase001,Eric Haase,2,camed001,Daz Cameron,8,buxtb001,Byron Buxton,8,arral001,Luis Arraez,3,corrc001,Carlos Correa,6,polaj001,Jorge Polanco,4,keplm001,Max Kepler,9,gordn001,Nick Gordon,7,larnt001,Trevor Larnach,10,urshg001,Giovanny Urshela,5,jeffr002,Ryan Jeffers,2,,Y,1,18,0,1,0
52552,0,,1,20220524,0,Tue,DET,AL,42,MIN,AL,43,0,2,51,N,,,1,MIN04,17882,173,0,01100000x,31,5,1,0,0,0,0,0,1,1,0,12,0,0,1,0,6,5,2,2,0,0,24,8,0,0,2,0,30,8,2,0,0,2,0,0,0,4,0,8,0,0,1,0,8,3,0,0,0,0,27,6,0,1,1,0,buckc901,CB Bucknor,ramoc901,Charlie Ramos,nelsj901,Jeff Nelson,gonzm901,Manny Gonzalez,,(none),,(none),hinca001,A.J. Hinch,baldr001,Rocco Baldelli,grays001,Sonny Gray,brieb001,Beau Brieske,duraj002,Jhoan Duran,urshg001,Giovanny Urshela,brieb001,Beau Brieske,grays001,Sonny Gray,grosr001,Robbie Grossman,9,schoj001,Jonathan Schoop,4,cabrm001,Miguel Cabrera,10,baezj001,Javier Baez,6,candj002,Jeimer Candelario,5,castw003,Willi Castro,7,torks001,Spencer Torkelson,3,barnt001,Tucker Barnhart,2,hilld002,Derek Hill,8,buxtb001,Byron Buxton,8,arral001,Luis Arraez,4,corrc001,Carlos Correa,6,sancg002,Gary Sanchez,10,keplm001,Max Kepler,9,celeg001,Gilberto Celestino,7,urshg001,Giovanny Urshela,5,miraj002,Jose Miranda,3,jeffr002,Ryan Jeffers,2,,Y,2,18,0,1,0
52565,0,,1,20220525,0,Wed,DET,AL,43,MIN,AL,44,4,2,60,D,,,1,MIN04,20375,225,10102,2000000,37,8,0,0,3,4,0,0,0,6,0,9,1,0,1,0,10,7,2,2,1,0,30,7,1,0,0,0,38,7,1,0,1,2,0,0,1,2,0,13,0,0,0,0,10,6,3,3,1,0,30,8,1,0,1,0,ramoc901,Charlie Ramos,nelsj901,Jeff Nelson,gonzm901,Manny Gonzalez,buckc901,CB Bucknor,,(none),,(none),hinca001,A.J. Hinch,baldr001,Rocco Baldelli,langa001,Alex Lange,megit001,Trevor Megill,chafa001,Andrew Chafin,candj002,Jeimer Candelario,garcr007,Rony Garcia,bundd001,Dylan Bundy,camed001,Daz Cameron,9,casth001,Harold Castro,6,schoj001,Jonathan Schoop,4,baezj001,Javier Baez,10,candj002,Jeimer Candelario,5,torks001,Spencer Torkelson,3,castw003,Willi Castro,7,haase001,Eric Haase,2,hilld002,Derek Hill,8,buxtb001,Byron Buxton,10,arral001,Luis Arraez,3,corrc001,Carlos Correa,6,keplm001,Max Kepler,9,sancg002,Gary Sanchez,2,larnt001,Trevor Larnach,7,urshg001,Giovanny Urshela,5,gordn001,Nick Gordon,4,celeg001,Gilberto Celestino,8,,Y,3,18,0,0,0
52577,0,,1,20220526,0,Thu,KCA,AL,43,MIN,AL,45,3,2,54,N,,,1,MIN04,17657,185,30,10100000,32,6,2,0,0,3,0,0,0,3,0,7,0,0,1,0,5,5,2,2,0,0,27,9,1,0,0,0,39,12,1,0,0,2,0,0,0,2,0,10,0,0,0,0,12,3,3,3,0,0,27,9,0,0,1,0,carlm901,Mark Carlson,bakej902,Jordan Baker,becka901,Adam Beck,addir901,Ryan Additon,,(none),,(none),mathm001,Mike Matheny,baldr001,Rocco Baldelli,stauj001,Josh Staumont,dufft001,Tyler Duffey,barls001,Scott Barlow,wittb002,Bobby Witt,lyncd001,Daniel Lynch,smeld001,Devin Smeltzer,merrw001,Whit Merrifield,9,benia002,Andrew Benintendi,7,wittb002,Bobby Witt,6,dozih001,Hunter Dozier,10,melem001,MJ Melendez,2,santc002,Carlos Santana,3,rivee001,Emmanuel Rivera,5,lopen001,Nicky Lopez,4,hickb003,Brewer Hicklen,8,buxtb001,Byron Buxton,8,corrc001,Carlos Correa,6,garlk001,Kyle Garlick,7,sancg002,Gary Sanchez,2,urshg001,Giovanny Urshela,5,arral001,Luis Arraez,4,miraj002,Jose Miranda,3,jeffr002,Ryan Jeffers,10,celeg001,Gilberto Celestino,9,,Y,4,28,0,1,0
52588,1,": Star Wars t-shirt for the first 10,000 fans",0,20220527,0,Fri,KCA,AL,44,MIN,AL,46,7,10,51,N,,,0,MIN04,21841,220,3100102,40020004x,37,13,1,1,2,7,0,0,0,8,0,10,2,0,3,0,11,6,10,10,1,0,24,11,1,0,0,0,38,15,1,1,2,10,1,1,0,7,1,4,0,0,0,0,13,8,7,7,1,0,27,8,1,0,3,0,bakej902,Jordan Baker,becka901,Adam Beck,addir901,Ryan Additon,welkb901,Bill Welke,,(none),,(none),mathm001,Mike Matheny,baldr001,Rocco Baldelli,megit001,Trevor Megill,kellb003,Brad Keller,pagae001,Emilio Pagan,corrc001,Carlos Correa,kellb003,Brad Keller,oberb002,Bailey Ober,merrw001,Whit Merrifield,8,benia002,Andrew Benintendi,7,wittb002,Bobby Witt,6,dozih001,Hunter Dozier,9,melem001,MJ Melendez,2,santc002,Carlos Santana,3,ohear001,Ryan O'Hearn,10,rivee001,Emmanuel Rivera,5,lopen001,Nicky Lopez,4,arral001,Luis Arraez,3,corrc001,Carlos Correa,6,polaj001,Jorge Polanco,4,keplm001,Max Kepler,9,sancg002,Gary Sanchez,10,larnt001,Trevor Larnach,7,urshg001,Giovanny Urshela,5,gordn001,Nick Gordon,8,jeffr002,Ryan Jeffers,2,,Y,5,28,0,1,0
52605,0,,1,20220528,0,Sat,KCA,AL,45,MIN,AL,47,7,3,54,D,,,1,MIN04,22249,192,101300200,10002000,39,11,5,0,0,7,0,0,1,2,0,7,1,0,0,0,8,4,3,3,0,0,27,6,0,0,0,0,38,11,1,0,1,3,0,0,0,3,0,10,0,0,0,0,11,4,5,5,1,0,27,12,1,0,0,0,becka901,Adam Beck,addir901,Ryan Additon,welkb901,Bill Welke,bakej902,Jordan Baker,,(none),,(none),mathm001,Mike Matheny,baldr001,Rocco Baldelli,singb001,Brady Singer,archc001,Chris Archer,,(none),wittb002,Bobby Witt,singb001,Brady Singer,archc001,Chris Archer,merrw001,Whit Merrifield,8,benia002,Andrew Benintendi,7,wittb002,Bobby Witt,6,peres002,Salvador Perez,10,melem001,MJ Melendez,2,dozih001,Hunter Dozier,9,santc002,Carlos Santana,3,rivee001,Emmanuel Rivera,5,lopen001,Nicky Lopez,4,buxtb001,Byron Buxton,8,arral001,Luis Arraez,3,corrc001,Carlos Correa,6,polaj001,Jorge Polanco,4,keplm001,Max Kepler,9,larnt001,Trevor Larnach,10,sancg002,Gary Sanchez,2,urshg001,Giovanny Urshela,5,gordn001,Nick Gordon,7,,Y,6,28,0,0,0
52620,0,,1,20220529,0,Sun,KCA,AL,46,MIN,AL,48,3,7,51,D,,,1,MIN04,27195,185,210,00320110x,34,7,2,0,0,3,0,0,0,1,0,8,0,0,0,0,5,4,7,7,1,0,24,11,0,0,0,0,34,11,3,0,3,7,0,0,1,3,0,5,0,0,0,0,7,4,3,3,1,1,27,10,0,0,0,0,addir901,Ryan Additon,welkb901,Bill Welke,bakej902,Jordan Baker,becka901,Adam Beck,,(none),,(none),mathm001,Mike Matheny,baldr001,Rocco Baldelli,grays001,Sonny Gray,greiz001,Zack Greinke,,(none),urshg001,Giovanny Urshela,greiz001,Zack Greinke,grays001,Sonny Gray,merrw001,Whit Merrifield,8,benia002,Andrew Benintendi,7,wittb002,Bobby Witt,6,peres002,Salvador Perez,2,melem001,MJ Melendez,9,dozih001,Hunter Dozier,3,santc002,Carlos Santana,10,rivee001,Emmanuel Rivera,5,lopen001,Nicky Lopez,4,buxtb001,Byron Buxton,10,corrc001,Carlos Correa,6,arral001,Luis Arraez,3,polaj001,Jorge Polanco,4,urshg001,Giovanny Urshela,5,garlk001,Kyle Garlick,9,lewir003,Royce Lewis,8,larnt001,Trevor Larnach,7,jeffr002,Ryan Jeffers,2,,Y,7,28,0,0,0
52744,0,,1,20220607,0,Tue,NYA,AL,55,MIN,AL,57,10,4,54,N,,,1,MIN04,27643,230,300110320,101110000,41,14,0,0,3,10,0,0,0,9,1,10,0,0,0,0,13,4,4,4,0,0,27,11,3,0,1,0,36,12,2,0,1,4,0,2,1,1,0,7,0,0,1,0,9,5,10,10,2,0,27,6,0,0,0,0,tosia901,Alex Tosi,ticht901,Todd Tichenor,libkj901,John Libka,reynj901,Jim Reynolds,,(none),,(none),boona001,Aaron Boone,baldr001,Rocco Baldelli,luetl001,Lucas Luetge,sandc001,Cole Sands,,(none),judga001,Aaron Judge,tailj001,Jameson Taillon,sandc001,Cole Sands,lemad001,DJ LeMahieu,4,judga001,Aaron Judge,8,rizza001,Anthony Rizzo,3,stanm004,Giancarlo Stanton,10,donaj001,Josh Donaldson,5,hicka001,Aaron Hicks,7,kinei001,Isiah Kiner-Falefa,6,trevj001,Jose Trevino,2,gallj002,Joey Gallo,9,arral001,Luis Arraez,3,buxtb001,Byron Buxton,10,polaj001,Jorge Polanco,4,keplm001,Max Kepler,9,sancg002,Gary Sanchez,2,larnt001,Trevor Larnach,7,urshg001,Giovanny Urshela,5,celeg001,Gilberto Celestino,8,palaj002,Jermaine Palacios,6,,Y,2,1,0,1,0
52758,0,,1,20220608,0,Wed,NYA,AL,56,MIN,AL,58,1,8,51,N,,,1,MIN04,22286,180,10000,00022220x,28,5,1,0,0,1,0,1,0,4,0,7,0,0,4,0,5,3,8,8,0,0,24,10,0,0,0,0,34,11,3,0,2,8,0,0,0,3,0,7,0,0,0,0,5,4,1,1,0,0,27,12,1,0,4,0,ticht901,Todd Tichenor,libkj901,John Libka,reynj901,Jim Reynolds,tosia901,Alex Tosi,,(none),,(none),boona001,Aaron Boone,baldr001,Rocco Baldelli,archc001,Chris Archer,cortn001,Nestor Cortes,,(none),urshg001,Giovanny Urshela,cortn001,Nestor Cortes,archc001,Chris Archer,lemad001,DJ LeMahieu,5,judga001,Aaron Judge,8,rizza001,Anthony Rizzo,3,stanm004,Giancarlo Stanton,9,donaj001,Josh Donaldson,10,torrg001,Gleyber Torres,4,hicka001,Aaron Hicks,7,kinei001,Isiah Kiner-Falefa,6,higak001,Kyle Higashioka,2,buxtb001,Byron Buxton,8,corrc001,Carlos Correa,10,polaj001,Jorge Polanco,4,urshg001,Giovanny Urshela,5,miraj002,Jose Miranda,3,keplm001,Max Kepler,9,celeg001,Gilberto Celestino,7,jeffr002,Ryan Jeffers,2,gordn001,Nick Gordon,6,,Y,3,1,0,1,0
52769,0,,1,20220609,0,Thu,NYA,AL,57,MIN,AL,59,10,7,54,N,,,1,MIN04,26646,212,120022210,331000000,39,14,2,0,4,9,0,1,0,5,0,6,2,0,1,0,8,6,7,7,0,0,27,9,0,0,1,0,35,9,1,0,5,7,0,0,0,4,0,8,0,0,0,0,5,6,10,10,1,1,27,9,1,0,1,0,libkj901,John Libka,reynj901,Jim Reynolds,tosia901,Alex Tosi,ticht901,Todd Tichenor,,(none),,(none),boona001,Aaron Boone,baldr001,Rocco Baldelli,castm002,Miguel Castro,duraj002,Jhoan Duran,holmc001,Clay Holmes,rizza001,Anthony Rizzo,coleg001,Gerrit Cole,bundd001,Dylan Bundy,lemad001,DJ LeMahieu,3,judga001,Aaron Judge,8,rizza001,Anthony Rizzo,10,donaj001,Josh Donaldson,5,torrg001,Gleyber Torres,4,hicka001,Aaron Hicks,7,kinei001,Isiah Kiner-Falefa,6,trevj001,Jose Trevino,2,gallj002,Joey Gallo,9,arral001,Luis Arraez,3,buxtb001,Byron Buxton,8,corrc001,Carlos Correa,6,polaj001,Jorge Polanco,4,keplm001,Max Kepler,9,sancg002,Gary Sanchez,2,larnt001,Trevor Larnach,7,urshg001,Giovanny Urshela,5,miraj002,Jose Miranda,10,,Y,4,1,0,1,0
52783,0,,1,20220610,0,Fri,TBA,AL,58,MIN,AL,60,4,9,51,N,,,1,MIN04,23761,178,10000210,10006002x,32,6,0,0,3,4,0,0,0,3,0,8,0,0,1,0,4,3,6,6,0,0,24,12,1,0,0,0,38,13,3,0,3,8,0,0,0,3,0,5,0,0,0,0,8,4,4,4,0,0,27,7,0,0,1,0,ballb901,Brock Ballou,segac901,Chris Segal,welkb901,Bill Welke,lives901,Shane Livensparger,,(none),,(none),cashk001,Kevin Cash,baldr001,Rocco Baldelli,smeld001,Devin Smeltzer,rasmd002,Drew Rasmussen,,(none),buxtb001,Byron Buxton,rasmd002,Drew Rasmussen,smeld001,Devin Smeltzer,margm001,Manuel Margot,10,ramih004,Harold Ramirez,3,diazy001,Yandy Diaz,5,arozr001,Randy Arozarena,7,brujv001,Vidal Brujan,9,parei001,Isaac Paredes,4,mejif001,Francisco Mejia,2,wallt003,Taylor Walls,6,philb002,Brett Phillips,8,arral001,Luis Arraez,3,buxtb001,Byron Buxton,10,corrc001,Carlos Correa,6,keplm001,Max Kepler,9,polaj001,Jorge Polanco,4,larnt001,Trevor Larnach,7,sancg002,Gary Sanchez,2,urshg001,Giovanny Urshela,5,gordn001,Nick Gordon,8,,Y,5,29,0,1,0
52799,0,,1,20220611,0,Sat,TBA,AL,59,MIN,AL,61,5,6,51,D,,,1,MIN04,22741,210,300001100,00500100x,38,13,2,0,0,4,0,0,0,0,0,10,1,2,0,0,6,6,6,6,1,0,24,11,0,0,2,0,32,11,3,0,1,6,0,0,0,5,0,8,0,0,2,0,7,6,4,4,0,0,27,8,2,0,0,0,segac901,Chris Segal,fleta901,Andy Fletcher,welkb901,Bill Welke,lives901,Shane Livensparger,,(none),,(none),cashk001,Kevin Cash,baldr001,Rocco Baldelli,megit001,Trevor Megill,baz-s001,Shane Baz,pagae001,Emilio Pagan,arral001,Luis Arraez,baz-s001,Shane Baz,gonzc002,Chi Chi Gonzalez,kierk001,Kevin Kiermaier,8,margm001,Manuel Margot,7,arozr001,Randy Arozarena,10,choij001,Ji-Man Choi,3,diazy001,Yandy Diaz,5,wallt003,Taylor Walls,6,philb002,Brett Phillips,9,pintr003,Rene Pinto,2,brujv001,Vidal Brujan,4,arral001,Luis Arraez,3,polaj001,Jorge Polanco,4,miraj002,Jose Miranda,5,keplm001,Max Kepler,9,sancg002,Gary Sanchez,10,larnt001,Trevor Larnach,7,celeg001,Gilberto Celestino,8,gordn001,Nick Gordon,6,jeffr002,Ryan Jeffers,2,,Y,6,29,0,0,0
52814,1,"Play Ball t-shirt for the first 5,000 kids ages 12 and under",1,20220612,0,Sun,TBA,AL,60,MIN,AL,62,6,0,54,D,,,1,MIN04,25350,197,1220010,0,35,7,3,0,1,6,0,0,2,3,0,8,3,0,0,0,7,5,0,0,1,0,27,11,1,0,2,0,31,5,0,0,0,0,0,0,0,4,0,7,0,0,2,0,8,3,6,6,2,0,27,13,1,0,0,0,fleta901,Andy Fletcher,welkb901,Bill Welke,lives901,Shane Livensparger,segac901,Chris Segal,,(none),,(none),cashk001,Kevin Cash,baldr001,Rocco Baldelli,sprij001,Jeffrey Springs,sandc001,Cole Sands,,(none),choij001,Ji-Man Choi,sprij001,Jeffrey Springs,sandc001,Cole Sands,margm001,Manuel Margot,10,choij001,Ji-Man Choi,3,diazy001,Yandy Diaz,5,arozr001,Randy Arozarena,7,kierk001,Kevin Kiermaier,8,wallt003,Taylor Walls,6,mejif001,Francisco Mejia,2,philb002,Brett Phillips,9,brujv001,Vidal Brujan,4,buxtb001,Byron Buxton,8,corrc001,Carlos Correa,6,polaj001,Jorge Polanco,4,urshg001,Giovanny Urshela,5,arral001,Luis Arraez,10,miraj002,Jose Miranda,3,celeg001,Gilberto Celestino,9,larnt001,Trevor Larnach,7,jeffr002,Ryan Jeffers,2,,Y,7,29,0,0,0
52934,0,,1,20220621,0,Tue,CLE,AL,63,MIN,AL,69,6,5,66,N,,,1,MIN04,22341,226,10200002001,20030000,43,12,2,0,2,6,0,0,0,3,1,12,1,1,1,0,9,7,5,5,0,0,33,10,0,0,0,0,41,9,4,0,1,5,0,0,0,3,0,15,0,1,0,0,8,5,5,5,0,0,33,12,0,0,1,0,hoyej901,James Hoye,herna901,Angel Hernandez,reybd901,D.J. Reyburn,merzd901,Dan Merzel,,(none),,(none),frant001,Terry Francona,baldr001,Rocco Baldelli,stept002,Trevor Stephan,jax-g001,Griffin Jax,clase001,Emmanuel Clase,gimea001,Andres Gimenez,civaa001,Aaron Civale,ryanj002,Joe Ryan,kwans001,Steven Kwan,7,rosaa003,Amed Rosario,6,ramij003,Jose Ramirez,5,naylj001,Josh Naylor,3,gonzo001,Oscar Gonzalez,9,reyef001,Franmil Reyes,10,gimea001,Andres Gimenez,4,hedga001,Austin Hedges,2,stram002,Myles Straw,8,arral001,Luis Arraez,4,buxtb001,Byron Buxton,8,corrc001,Carlos Correa,6,keplm001,Max Kepler,9,sancg002,Gary Sanchez,10,urshg001,Giovanny Urshela,5,kiria001,Alex Kirilloff,3,celeg001,Gilberto Celestino,7,jeffr002,Ryan Jeffers,2,,Y,2,24,0,1,0
52949,1,"Twins tumbler for the first 10,000 fans",0,20220622,0,Wed,CLE,AL,64,MIN,AL,70,11,10,54,N,,,0,MIN04,25604,215,1030304,111210400,40,15,2,1,3,10,1,1,1,1,0,9,1,0,0,0,6,5,10,10,0,0,27,5,0,0,2,0,36,12,1,1,4,10,0,1,0,3,0,8,0,0,1,0,3,6,10,10,0,1,27,5,1,0,0,0,herna901,Angel Hernandez,reybd901,D.J. Reyburn,merzd901,Dan Merzel,hoyej901,James Hoye,,(none),,(none),frant001,Terry Francona,baldr001,Rocco Baldelli,hents001,Sam Hentges,jax-g001,Griffin Jax,clase001,Emmanuel Clase,millo002,Owen Miller,mcket001,Triston McKenzie,grays001,Sonny Gray,kwans001,Steven Kwan,7,rosaa003,Amed Rosario,6,ramij003,Jose Ramirez,5,naylj001,Josh Naylor,10,gonzo001,Oscar Gonzalez,9,gimea001,Andres Gimenez,4,millo002,Owen Miller,3,hedga001,Austin Hedges,2,stram002,Myles Straw,8,arral001,Luis Arraez,4,corrc001,Carlos Correa,6,keplm001,Max Kepler,9,sancg002,Gary Sanchez,10,kiria001,Alex Kirilloff,3,urshg001,Giovanny Urshela,5,larnt001,Trevor Larnach,7,jeffr002,Ryan Jeffers,2,gordn001,Nick Gordon,8,,Y,3,24,0,1,0
52960,0,,0,20220623,0,Thu,CLE,AL,65,MIN,AL,71,0,1,51,D,,,0,MIN04,24929,174,0,00100000x,32,5,3,0,0,0,0,0,2,1,0,7,0,0,0,0,8,3,1,1,0,0,24,3,0,0,0,0,29,5,1,0,1,1,0,0,0,2,0,9,0,0,0,0,6,4,0,0,1,0,27,9,0,0,0,0,reybd901,D.J. Reyburn,merzd901,Dan Merzel,hoyej901,James Hoye,herna901,Angel Hernandez,,(none),,(none),frant001,Terry Francona,baldr001,Rocco Baldelli,smeld001,Devin Smeltzer,plesz001,Zach Plesac,thiec001,Caleb Thielbar,gordn001,Nick Gordon,plesz001,Zach Plesac,smeld001,Devin Smeltzer,millo002,Owen Miller,3,rosaa003,Amed Rosario,6,ramij003,Jose Ramirez,10,gonzo001,Oscar Gonzalez,9,reyef001,Franmil Reyes,7,gimea001,Andres Gimenez,4,cleme002,Ernie Clement,5,maill001,Luke Maile,2,stram002,Myles Straw,8,arral001,Luis Arraez,4,corrc001,Carlos Correa,6,keplm001,Max Kepler,9,sancg002,Gary Sanchez,2,kiria001,Alex Kirilloff,10,urshg001,Giovanny Urshela,5,larnt001,Trevor Larnach,7,miraj002,Jose Miranda,3,gordn001,Nick Gordon,8,,Y,4,24,0,0,0
52974,0,,1,20220624,0,Fri,COL,NL,71,MIN,AL,72,1,0,54,N,,,1,MIN04,24643,137,1000,0,29,5,1,0,0,1,0,0,0,4,0,3,0,0,3,0,5,2,0,0,0,0,27,15,1,0,2,0,28,3,1,0,0,0,0,0,0,5,0,2,0,0,2,0,6,3,1,1,0,0,27,11,0,0,3,0,barbs901,Sean Barber,nelsj901,Jeff Nelson,belld901,Dan Bellino,willr901,Ryan Wills,,(none),,(none),blacb001,Buddy Black,baldr001,Rocco Baldelli,marqg001,German Marquez,bundd001,Dylan Bundy,bardd001,Daniel Bard,blacc001,Charlie Blackmon,marqg001,German Marquez,bundd001,Dylan Bundy,joe-c001,Connor Joe,7,dazay001,Yonathan Daza,8,blacc001,Charlie Blackmon,10,cronc002,C.J. Cron,3,rodgb002,Brendan Rodgers,4,mcmar001,Ryan McMahon,5,iglej001,Jose Iglesias,6,gricr001,Randal Grichuk,9,diaze005,Elias Diaz,2,arral001,Luis Arraez,4,corrc001,Carlos Correa,6,keplm001,Max Kepler,9,urshg001,Giovanny Urshela,5,kiria001,Alex Kirilloff,3,miraj002,Jose Miranda,10,gordn001,Nick Gordon,7,jeffr002,Ryan Jeffers,2,celeg001,Gilberto Celestino,8,,Y,5,20,1,1,0
52989,0,,1,20220625,0,Sat,COL,NL,72,MIN,AL,73,0,6,51,N,,,1,MIN04,24578,174,0,11002020x,28,1,0,0,0,0,0,0,0,5,0,10,0,0,0,0,6,4,6,6,0,0,24,6,0,0,0,0,33,10,3,1,0,6,0,1,0,4,0,7,0,0,0,0,8,4,0,0,0,0,27,6,0,0,0,0,nelsj901,Jeff Nelson,belld901,Dan Bellino,willr901,Ryan Wills,barbs901,Sean Barber,,(none),,(none),blacb001,Buddy Black,baldr001,Rocco Baldelli,archc001,Chris Archer,senza001,Antonio Senzatela,,(none),buxtb001,Byron Buxton,senza001,Antonio Senzatela,archc001,Chris Archer,joe-c001,Connor Joe,7,blacc001,Charlie Blackmon,10,rodgb002,Brendan Rodgers,4,cronc002,C.J. Cron,3,mcmar001,Ryan McMahon,5,iglej001,Jose Iglesias,6,gricr001,Randal Grichuk,9,diaze005,Elias Diaz,2,hampg001,Garrett Hampson,8,arral001,Luis Arraez,4,buxtb001,Byron Buxton,8,corrc001,Carlos Correa,6,keplm001,Max Kepler,9,garlk001,Kyle Garlick,10,kiria001,Alex Kirilloff,3,sancg002,Gary Sanchez,2,gordn001,Nick Gordon,7,urshg001,Giovanny Urshela,5,,Y,6,20,1,1,0
53004,1,"LED lightbulb for 25,000 fans (exit giveaway)",1,20220626,0,Sun,COL,NL,73,MIN,AL,74,3,6,51,D,,,1,MIN04,28048,186,101100000,32000010x,38,12,3,0,1,3,0,0,1,2,0,6,1,0,1,0,11,3,6,6,0,0,24,4,0,0,0,0,33,10,2,1,0,6,0,1,0,2,0,5,0,0,0,0,6,5,3,3,0,0,27,7,0,0,1,0,belld901,Dan Bellino,willr901,Ryan Wills,barbs901,Sean Barber,nelsj901,Jeff Nelson,,(none),,(none),blacb001,Buddy Black,baldr001,Rocco Baldelli,ryanj002,Joe Ryan,feltr001,Ryan Feltner,duraj002,Jhoan Duran,kiria001,Alex Kirilloff,feltr001,Ryan Feltner,ryanj002,Joe Ryan,joe-c001,Connor Joe,7,dazay001,Yonathan Daza,8,blacc001,Charlie Blackmon,9,cronc002,C.J. Cron,3,rodgb002,Brendan Rodgers,4,mcmar001,Ryan McMahon,10,monte001,Elehuris Montero,5,servb001,Brian Serven,2,hampg001,Garrett Hampson,6,arral001,Luis Arraez,4,buxtb001,Byron Buxton,10,corrc001,Carlos Correa,6,keplm001,Max Kepler,9,kiria001,Alex Kirilloff,3,urshg001,Giovanny Urshela,5,gordn001,Nick Gordon,7,jeffr002,Ryan Jeffers,2,contm001,Mark Contreras,8,,Y,7,20,1,0,0
53067,1,"Bucket hat for the first 5,000 fans",1,20220701,0,Fri,BAL,AL,78,MIN,AL,80,2,3,51,N,,,1,MIN04,25540,161,1000010,100000002,32,4,3,0,0,2,0,0,0,1,0,8,0,0,0,0,4,4,3,3,0,0,24,6,0,0,0,0,28,5,1,0,1,3,0,0,0,1,0,7,0,0,0,0,2,3,2,2,1,0,27,2,1,0,0,0,dejer901,Ramon De Jesus,mosce901,Edwin Moscoso,marqa901,Alfonso Marquez,barrl901,Lance Barrett,,(none),,(none),hydeb801,Brandon Hyde,baldr001,Rocco Baldelli,minaj001,Juan Minaya,lopej004,Jorge Lopez,,(none),buxtb001,Byron Buxton,watks003,Spenser Watkins,ryanj002,Joe Ryan,mullc002,Cedric Mullins,8,haysa001,Austin Hays,9,santa003,Anthony Santander,10,mounr001,Ryan Mountcastle,3,rutsa001,Adley Rutschman,2,odorr001,Rougned Odor,4,mcker001,Ryan McKenna,7,arauj001,Jonathan Arauz,5,matej003,Jorge Mateo,6,arral001,Luis Arraez,10,buxtb001,Byron Buxton,8,corrc001,Carlos Correa,6,keplm001,Max Kepler,9,polaj001,Jorge Polanco,4,miraj002,Jose Miranda,3,kiria001,Alex Kirilloff,7,urshg001,Giovanny Urshela,5,jeffr002,Ryan Jeffers,2,,Y,5,22,0,1,0
53083,0,,1,20220702,0,Sat,BAL,AL,79,MIN,AL,81,3,4,52,D,,,1,MIN04,20618,181,11100000,112,30,7,3,0,1,3,1,1,1,4,0,8,0,1,1,0,7,4,4,4,0,0,25,5,0,0,0,0,34,10,3,0,2,4,0,1,0,1,0,10,0,0,0,0,7,3,3,3,0,0,27,10,0,0,1,0,mosce901,Edwin Moscoso,marqa901,Alfonso Marquez,barrl901,Lance Barrett,dejer901,Ramon De Jesus,,(none),,(none),hydeb801,Brandon Hyde,baldr001,Rocco Baldelli,pagae001,Emilio Pagan,lopej004,Jorge Lopez,,(none),miraj002,Jose Miranda,lylej001,Jordan Lyles,grays001,Sonny Gray,mullc002,Cedric Mullins,8,manct001,Trey Mancini,9,santa003,Anthony Santander,7,haysa001,Austin Hays,10,mounr001,Ryan Mountcastle,3,odorr001,Rougned Odor,4,chirr001,Robinson Chirinos,2,nevit001,Tyler Nevin,5,matej003,Jorge Mateo,6,arral001,Luis Arraez,3,buxtb001,Byron Buxton,10,corrc001,Carlos Correa,6,keplm001,Max Kepler,9,polaj001,Jorge Polanco,4,gordn001,Nick Gordon,8,kiria001,Alex Kirilloff,7,sancg002,Gary Sanchez,2,urshg001,Giovanny Urshela,5,,Y,6,22,0,0,0
53099,0,,0,20220703,0,Sun,BAL,AL,80,MIN,AL,82,3,1,54,D,,,0,MIN04,24424,168,12000,1000,33,7,1,0,3,3,0,0,0,2,0,8,0,1,0,0,5,4,1,1,0,0,27,6,1,0,1,0,31,4,1,0,0,1,0,0,0,3,0,9,0,0,1,0,6,3,3,3,1,0,27,8,1,0,0,0,marqa901,Alfonso Marquez,barrl901,Lance Barrett,dejer901,Ramon De Jesus,mosce901,Edwin Moscoso,,(none),,(none),hydeb801,Brandon Hyde,baldr001,Rocco Baldelli,wellt003,Tyler Wells,smeld001,Devin Smeltzer,tated001,Dillon Tate,odorr001,Rougned Odor,wellt003,Tyler Wells,smeld001,Devin Smeltzer,haysa001,Austin Hays,7,manct001,Trey Mancini,10,mounr001,Ryan Mountcastle,3,santa003,Anthony Santander,9,rutsa001,Adley Rutschman,2,nevit001,Tyler Nevin,5,odorr001,Rougned Odor,4,mcker001,Ryan McKenna,8,martr006,Richie Martin,6,arral001,Luis Arraez,10,corrc001,Carlos Correa,6,polaj001,Jorge Polanco,4,miraj002,Jose Miranda,5,keplm001,Max Kepler,9,gordn001,Nick Gordon,7,sancg002,Gary Sanchez,2,kiria001,Alex Kirilloff,3,celeg001,Gilberto Celestino,8,,Y,7,22,0,0,0
53223,0,,1,20220712,0,Tue,MIL,NL,88,MIN,AL,89,6,3,54,N,,,1,MIN04,37183,182,200031000,10100100,33,7,0,0,2,6,0,0,0,2,0,7,1,1,0,0,2,6,3,3,0,0,27,14,0,0,1,0,32,6,1,0,1,3,0,0,2,3,0,6,0,0,1,0,7,4,5,5,0,0,27,6,1,0,0,0,carlm901,Mark Carlson,navaj901,Jose Navas,bakej902,Jordan Baker,guccc901,Chris Guccione,,(none),,(none),counc001,Craig Counsell,baldr001,Rocco Baldelli,gustj001,Jandel Gustave,windj002,Josh Winder,hadej001,Josh Hader,davij007,Jonathan Davis,alexj001,Jason Alexander,windj002,Josh Winder,wongk001,Kolten Wong,4,adamw002,Willy Adames,6,tellr001,Rowdy Tellez,3,mccua001,Andrew McCutchen,10,narvo001,Omar Narvaez,2,urial001,Luis Urias,5,petej002,Jace Peterson,7,renfh001,Hunter Renfroe,9,davij007,Jonathan Davis,8,arral001,Luis Arraez,10,corrc001,Carlos Correa,6,buxtb001,Byron Buxton,8,keplm001,Max Kepler,9,polaj001,Jorge Polanco,4,kiria001,Alex Kirilloff,3,gordn001,Nick Gordon,7,urshg001,Giovanny Urshela,5,sancg002,Gary Sanchez,2,,Y,2,25,1,1,0
53239,0,,1,20220713,0,Wed,MIL,NL,89,MIN,AL,90,1,4,51,D,,,1,MIN04,38802,200,1000000,10000003,29,4,1,0,1,1,1,0,0,4,0,7,0,0,1,0,6,5,4,4,1,0,24,4,0,0,0,0,34,10,1,0,1,4,0,0,1,6,1,9,0,0,0,0,13,4,1,1,0,0,27,8,0,0,1,0,navaj901,Jose Navas,bakej902,Jordan Baker,guccc901,Chris Guccione,carlm901,Mark Carlson,,(none),,(none),counc001,Craig Counsell,baldr001,Rocco Baldelli,duraj002,Jhoan Duran,hadej001,Josh Hader,,(none),miraj002,Jose Miranda,ashba003,Aaron Ashby,ryanj002,Joe Ryan,wongk001,Kolten Wong,4,adamw002,Willy Adames,6,tellr001,Rowdy Tellez,3,mccua001,Andrew McCutchen,7,narvo001,Omar Narvaez,10,urial001,Luis Urias,5,petej002,Jace Peterson,9,carav001,Victor Caratini,2,davij007,Jonathan Davis,8,buxtb001,Byron Buxton,10,corrc001,Carlos Correa,6,polaj001,Jorge Polanco,4,garlk001,Kyle Garlick,9,miraj002,Jose Miranda,3,urshg001,Giovanny Urshela,5,jeffr002,Ryan Jeffers,2,kiria001,Alex Kirilloff,7,celeg001,Gilberto Celestino,8,,Y,3,25,1,0,0
53252,0,,1,20220714,0,Thu,CHA,AL,89,MIN,AL,91,12,2,54,N,,,1,MIN04,26907,199,200402103,10000001,44,17,2,0,3,12,0,1,1,3,0,5,0,0,0,0,10,4,2,2,0,0,27,6,0,0,1,0,37,11,1,1,1,2,0,0,0,2,0,8,0,0,0,0,10,5,10,10,0,0,27,8,1,0,0,0,marqa901,Alfonso Marquez,barrl901,Lance Barrett,rehaj901,Jeremie Rehak,cejan901,Nestor Ceja,,(none),,(none),larut101,Tony LaRussa,baldr001,Rocco Baldelli,cuetj001,Johnny Cueto,grays001,Sonny Gray,,(none),abrej003,Jose Abreu,cuetj001,Johnny Cueto,grays001,Sonny Gray,andet001,Tim Anderson,6,moncy001,Yoan Moncada,5,robel002,Luis Robert,8,abrej003,Jose Abreu,3,sheeg001,Gavin Sheets,9,vauga001,Andrew Vaughn,10,polla001,A.J. Pollock,7,harrj002,Josh Harrison,4,zavas001,Seby Zavala,2,arral001,Luis Arraez,3,corrc001,Carlos Correa,6,buxtb001,Byron Buxton,8,keplm001,Max Kepler,9,polaj001,Jorge Polanco,4,kiria001,Alex Kirilloff,7,miraj002,Jose Miranda,10,urshg001,Giovanny Urshela,5,jeffr002,Ryan Jeffers,2,,Y,4,15,0,1,0
53266,0,,1,20220715,0,Fri,CHA,AL,90,MIN,AL,92,6,2,54,N,,,1,MIN04,27021,189,200100300,200000000,35,8,1,0,2,6,0,0,0,3,0,9,0,0,0,0,5,5,2,2,0,0,27,9,1,0,2,0,32,7,1,0,0,2,0,0,0,4,0,5,0,0,2,0,7,6,6,6,0,0,27,9,0,0,0,0,barrl901,Lance Barrett,rehaj901,Jeremie Rehak,cejan901,Nestor Ceja,marqa901,Alfonso Marquez,,(none),,(none),larut101,Tony LaRussa,baldr001,Rocco Baldelli,kopem001,Michael Kopech,pagae001,Emilio Pagan,,(none),andet001,Tim Anderson,kopem001,Michael Kopech,smeld001,Devin Smeltzer,andet001,Tim Anderson,6,moncy001,Yoan Moncada,5,robel002,Luis Robert,8,abrej003,Jose Abreu,3,vauga001,Andrew Vaughn,10,polla001,A.J. Pollock,7,garcl004,Leury Garcia,9,harrj002,Josh Harrison,4,mcgur002,Reese McGuire,2,arral001,Luis Arraez,3,corrc001,Carlos Correa,6,buxtb001,Byron Buxton,10,keplm001,Max Kepler,9,polaj001,Jorge Polanco,4,kiria001,Alex Kirilloff,7,miraj002,Jose Miranda,5,gordn001,Nick Gordon,8,sancg002,Gary Sanchez,2,,Y,5,15,0,1,0
53282,1,"Jim Kaat bobblehead for the first 10,000 fans",1,20220716,0,Sat,CHA,AL,91,MIN,AL,93,3,6,51,D,,,1,MIN04,28514,192,102000,10500000x,35,9,2,0,0,3,0,0,0,2,0,7,0,0,1,0,7,5,6,6,0,0,24,5,0,0,0,0,34,10,1,0,3,6,0,0,0,2,0,11,0,0,0,0,6,4,3,3,1,0,27,11,0,1,1,0,rehaj901,Jeremie Rehak,cejan901,Nestor Ceja,marqa901,Alfonso Marquez,barrl901,Lance Barrett,,(none),,(none),larut101,Tony LaRussa,baldr001,Rocco Baldelli,bundd001,Dylan Bundy,lynnl001,Lance Lynn,duraj002,Jhoan Duran,arral001,Luis Arraez,lynnl001,Lance Lynn,bundd001,Dylan Bundy,andet001,Tim Anderson,6,moncy001,Yoan Moncada,5,vauga001,Andrew Vaughn,10,abrej003,Jose Abreu,3,sheeg001,Gavin Sheets,9,polla001,A.J. Pollock,7,harrj002,Josh Harrison,4,zavas001,Seby Zavala,2,engea001,Adam Engel,8,arral001,Luis Arraez,3,corrc001,Carlos Correa,6,buxtb001,Byron Buxton,10,keplm001,Max Kepler,9,polaj001,Jorge Polanco,4,kiria001,Alex Kirilloff,7,gordn001,Nick Gordon,8,urshg001,Giovanny Urshela,5,sancg002,Gary Sanchez,2,,Y,6,15,0,0,0
53294,0,,1,20220717,0,Sun,CHA,AL,92,MIN,AL,94,11,0,54,D,,,1,MIN04,23225,189,40601,0,43,16,4,0,3,11,0,0,0,4,0,10,0,0,0,0,9,3,0,0,0,0,27,9,2,0,1,0,29,1,0,0,0,0,0,0,0,3,0,9,0,1,0,0,5,7,11,11,0,0,27,9,1,0,0,0,cejan901,Nestor Ceja,marqa901,Alfonso Marquez,barrl901,Lance Barrett,rehaj901,Jeremie Rehak,,(none),,(none),larut101,Tony LaRussa,baldr001,Rocco Baldelli,ceasd001,Dylan Cease,archc001,Chris Archer,,(none),andet001,Tim Anderson,ceasd001,Dylan Cease,archc001,Chris Archer,andet001,Tim Anderson,6,moncy001,Yoan Moncada,5,vauga001,Andrew Vaughn,3,abrej003,Jose Abreu,10,sheeg001,Gavin Sheets,9,harrj002,Josh Harrison,4,garcl004,Leury Garcia,7,zavas001,Seby Zavala,2,engea001,Adam Engel,8,arral001,Luis Arraez,10,corrc001,Carlos Correa,6,buxtb001,Byron Buxton,8,keplm001,Max Kepler,9,polaj001,Jorge Polanco,4,kiria001,Alex Kirilloff,3,miraj002,Jose Miranda,5,gordn001,Nick Gordon,7,sancg002,Gary Sanchez,2,,Y,7,15,0,0,0
53453,1,"MLB Network bag for the first 10,000 fans",0,20220801,0,Mon,DET,AL,104,MIN,AL,102,3,5,59,N,,,0,MIN04,20231,197,101000001,203,35,5,1,0,0,3,0,0,1,2,0,14,0,0,0,0,6,6,4,4,0,0,29,9,1,0,1,0,39,12,2,0,1,5,0,0,0,3,0,7,1,0,1,0,9,5,2,2,0,0,30,7,0,0,0,0,kulpr901,Ron Kulpa,torrc901,Carlos Torres,conrc901,Chris Conroy,mosce901,Edwin Moscoso,,(none),,(none),hinca001,A.J. Hinch,baldr001,Rocco Baldelli,jax-g001,Griffin Jax,langa001,Alex Lange,,(none),urshg001,Giovanny Urshela,skubt001,Tarik Skubal,sanca006,Aaron Sanchez,greer003,Riley Greene,8,reyev001,Victor Reyes,9,casth001,Harold Castro,3,cabrm001,Miguel Cabrera,10,candj002,Jeimer Candelario,5,schoj001,Jonathan Schoop,4,castw003,Willi Castro,6,barnt001,Tucker Barnhart,2,badda001,Akil Baddoo,7,polaj001,Jorge Polanco,4,corrc001,Carlos Correa,6,arral001,Luis Arraez,10,miraj002,Jose Miranda,3,garlk001,Kyle Garlick,7,urshg001,Giovanny Urshela,5,gordn001,Nick Gordon,8,sancg002,Gary Sanchez,2,contm001,Mark Contreras,9,,Y,1,18,0,1,0
53468,0,,0,20220802,0,Tue,DET,AL,105,MIN,AL,103,5,3,54,N,,,0,MIN04,23394,190,20300,2010000,33,7,3,0,0,5,0,0,0,4,0,13,1,1,0,0,5,5,3,3,0,0,27,13,0,0,3,0,30,7,1,0,1,3,0,2,0,5,0,3,0,0,2,0,7,7,5,5,0,0,27,9,0,0,1,0,torrc901,Carlos Torres,conrc901,Chris Conroy,mosce901,Edwin Moscoso,kulpr901,Ron Kulpa,,(none),,(none),hinca001,A.J. Hinch,baldr001,Rocco Baldelli,folej001,Jason Foley,jax-g001,Griffin Jax,sotog003,Gregory Soto,greer003,Riley Greene,mannm001,Matt Manning,archc001,Chris Archer,greer003,Riley Greene,8,baezj001,Javier Baez,6,casth001,Harold Castro,3,cabrm001,Miguel Cabrera,10,candj002,Jeimer Candelario,5,haase001,Eric Haase,2,castw003,Willi Castro,9,schoj001,Jonathan Schoop,4,badda001,Akil Baddoo,7,arral001,Luis Arraez,4,corrc001,Carlos Correa,6,polaj001,Jorge Polanco,10,miraj002,Jose Miranda,3,gordn001,Nick Gordon,8,urshg001,Giovanny Urshela,5,cavej001,Jake Cave,7,sancg002,Gary Sanchez,2,contm001,Mark Contreras,9,,Y,2,18,0,1,0
53482,0,,1,20220803,0,Wed,DET,AL,106,MIN,AL,104,1,4,51,D,,,1,MIN04,25044,160,10000,02000101x,30,4,0,0,0,1,0,0,2,1,0,14,0,1,0,0,5,4,4,4,1,0,24,7,0,0,1,0,29,7,1,0,0,4,0,1,0,3,0,8,1,0,1,0,5,5,1,1,0,0,27,4,0,0,0,0,conrc901,Chris Conroy,mosce901,Edwin Moscoso,kulpr901,Ron Kulpa,torrc901,Carlos Torres,,(none),,(none),hinca001,A.J. Hinch,baldr001,Rocco Baldelli,ryanj002,Joe Ryan,alext001,Tyler Alexander,lopej004,Jorge Lopez,leons001,Sandy Leon,alext001,Tyler Alexander,ryanj002,Joe Ryan,greer003,Riley Greene,8,reyev001,Victor Reyes,7,baezj001,Javier Baez,6,casth001,Harold Castro,3,haase001,Eric Haase,10,castw003,Willi Castro,9,schoj001,Jonathan Schoop,4,clemk001,Kody Clemens,5,barnt001,Tucker Barnhart,2,buxtb001,Byron Buxton,10,corrc001,Carlos Correa,6,polaj001,Jorge Polanco,4,miraj002,Jose Miranda,3,urshg001,Giovanny Urshela,5,gordn001,Nick Gordon,8,cavej001,Jake Cave,7,leons001,Sandy Leon,2,contm001,Mark Contreras,9,,Y,3,18,0,0,0
53497,0,,1,20220804,0,Thu,TOR,AL,105,MIN,AL,105,9,3,54,N,,,1,MIN04,39030,214,3060,101001,38,13,3,0,2,9,0,0,0,6,0,9,0,0,2,0,8,4,3,3,0,0,27,9,0,0,0,0,30,3,1,0,1,3,0,0,1,5,0,8,0,0,0,0,6,4,8,8,0,0,27,9,1,0,2,0,porta901,Alan Porter,millb903,Brennan Miller,wolcq901,Quinn Wolcott,merzd901,Dan Merzel,,(none),,(none),schnj801,John Schneider,baldr001,Rocco Baldelli,manoa001,Alek Manoah,pagae001,Emilio Pagan,,(none),gurrl001,Lourdes Gurriel,manoa001,Alek Manoah,grays001,Sonny Gray,sprig001,George Springer,10,guerv002,Vladimir Guerrero,3,kirka001,Alejandro Kirk,2,hernt002,Teoscar Hernandez,9,bichb001,Bo Bichette,6,gurrl001,Lourdes Gurriel,7,chapm001,Matt Chapman,5,merrw001,Whit Merrifield,8,biggc002,Cavan Biggio,4,arral001,Luis Arraez,3,corrc001,Carlos Correa,6,buxtb001,Byron Buxton,10,polaj001,Jorge Polanco,4,gordn001,Nick Gordon,7,miraj002,Jose Miranda,5,cavej001,Jake Cave,9,contm001,Mark Contreras,8,sancg002,Gary Sanchez,2,,Y,4,14,0,1,0
53510,0,,0,20220805,0,Fri,TOR,AL,106,MIN,AL,106,5,6,57,N,,,0,MIN04,29593,204,130010,14000001,39,11,0,0,3,5,0,0,0,2,0,12,0,0,1,0,7,7,5,5,0,0,27,9,2,0,2,0,39,11,3,0,2,6,0,0,0,4,1,6,0,0,2,0,11,5,5,5,0,0,30,10,0,0,1,0,wolcq901,Quinn Wolcott,merzd901,Dan Merzel,fostm901,Marty Foster,porta901,Alan Porter,,(none),,(none),schnj801,John Schneider,baldr001,Rocco Baldelli,fulmm001,Michael Fulmer,romaj004,Jordan Romano,,(none),beckt001,Tim Beckham,berrj001,Jose Berrios,mahlt001,Tyler Mahle,merrw001,Whit Merrifield,8,guerv002,Vladimir Guerrero,3,gurrl001,Lourdes Gurriel,10,hernt002,Teoscar Hernandez,9,bichb001,Bo Bichette,6,chapm001,Matt Chapman,5,jansd001,Danny Jansen,2,tapir001,Raimel Tapia,7,espis001,Santiago Espinal,4,arral001,Luis Arraez,4,corrc001,Carlos Correa,6,polaj001,Jorge Polanco,10,miraj002,Jose Miranda,5,gordn001,Nick Gordon,7,cavej001,Jake Cave,9,beckt001,Tim Beckham,3,contm001,Mark Contreras,8,leons001,Sandy Leon,2,,Y,5,14,0,1,0
53525,1,"Tony Oliva bobblehead for the first 10,000 fans",1,20220806,0,Sat,TOR,AL,107,MIN,AL,107,3,7,51,N,,,1,MIN04,27471,212,200010,00201202x,34,7,1,0,1,3,0,0,0,4,0,11,2,0,0,0,8,6,7,7,0,0,24,7,0,0,0,0,35,11,5,1,1,7,1,0,0,4,0,5,2,0,0,0,9,7,3,3,0,0,27,8,0,1,0,0,merzd901,Dan Merzel,fostm901,Marty Foster,porta901,Alan Porter,wolcq901,Quinn Wolcott,,(none),,(none),schnj801,John Schneider,baldr001,Rocco Baldelli,megit001,Trevor Megill,whitm004,Mitch White,,(none),polaj001,Jorge Polanco,whitm004,Mitch White,bundd001,Dylan Bundy,gurrl001,Lourdes Gurriel,7,guerv002,Vladimir Guerrero,3,kirka001,Alejandro Kirk,10,hernt002,Teoscar Hernandez,9,bichb001,Bo Bichette,6,chapm001,Matt Chapman,5,merrw001,Whit Merrifield,8,biggc002,Cavan Biggio,4,jansd001,Danny Jansen,2,arral001,Luis Arraez,3,corrc001,Carlos Correa,6,buxtb001,Byron Buxton,10,polaj001,Jorge Polanco,4,keplm001,Max Kepler,9,miraj002,Jose Miranda,5,gordn001,Nick Gordon,8,cavej001,Jake Cave,7,leons001,Sandy Leon,2,,Y,6,14,0,1,0
53541,1,"Back to school backpack for the first 5,000 kids ages 12 and under",1,20220807,0,Sun,TOR,AL,108,MIN,AL,108,3,2,60,D,,,1,MIN04,26155,221,110000001,110,37,10,4,0,0,3,0,1,0,1,1,6,0,0,1,0,7,4,2,2,0,1,30,7,0,0,0,0,41,11,1,0,0,2,0,0,1,0,0,7,0,0,0,0,11,4,2,2,0,0,30,10,0,0,1,0,fostm901,Marty Foster,porta901,Alan Porter,wolcq901,Quinn Wolcott,merzd901,Dan Merzel,,(none),,(none),schnj801,John Schneider,baldr001,Rocco Baldelli,romaj004,Jordan Romano,thiec001,Caleb Thielbar,,(none),biggc002,Cavan Biggio,gausk001,Kevin Gausman,archc001,Chris Archer,gurrl001,Lourdes Gurriel,7,guerv002,Vladimir Guerrero,10,kirka001,Alejandro Kirk,2,hernt002,Teoscar Hernandez,9,bichb001,Bo Bichette,6,chapm001,Matt Chapman,5,tapir001,Raimel Tapia,8,espis001,Santiago Espinal,4,biggc002,Cavan Biggio,3,arral001,Luis Arraez,10,polaj001,Jorge Polanco,4,keplm001,Max Kepler,9,miraj002,Jose Miranda,3,gordn001,Nick Gordon,6,urshg001,Giovanny Urshela,5,cavej001,Jake Cave,7,celeg001,Gilberto Celestino,8,sancg002,Gary Sanchez,2,,Y,7,14,0,0,0
53645,1,"Diversity Day item for the first 10,000 fans",1,20220815,0,Mon,KCA,AL,117,MIN,AL,114,2,4,51,N,,,1,MIN04,22003,177,200000000,01002100x,34,8,3,0,1,2,0,0,0,3,0,10,1,0,1,0,8,4,4,4,0,0,24,8,0,0,2,0,31,11,1,0,0,4,0,1,1,4,0,7,0,0,2,0,9,5,2,2,0,0,27,4,0,0,1,0,wegnm901,Mark Wegner,merzd901,Dan Merzel,rehaj901,Jeremie Rehak,wolcq901,Quinn Wolcott,,(none),,(none),mathm001,Mike Matheny,baldr001,Rocco Baldelli,ryanj002,Joe Ryan,bubik001,Kris Bubic,lopej004,Jorge Lopez,polaj001,Jorge Polanco,bubik001,Kris Bubic,ryanj002,Joe Ryan,melem001,MJ Melendez,9,wittb002,Bobby Witt,5,peres002,Salvador Perez,2,pasqv001,Vinnie Pasquantino,10,massm001,Michael Massey,4,eaton001,Nate Eaton,7,pratn001,Nick Pratto,3,isbek001,Kyle Isbel,8,lopen001,Nicky Lopez,6,arral001,Luis Arraez,3,corrc001,Carlos Correa,6,buxtb001,Byron Buxton,8,miraj002,Jose Miranda,10,polaj001,Jorge Polanco,4,gordn001,Nick Gordon,7,urshg001,Giovanny Urshela,5,keplm001,Max Kepler,9,sancg002,Gary Sanchez,2,,Y,1,28,0,1,0
53660,0,,1,20220816,0,Tue,KCA,AL,118,MIN,AL,115,0,9,51,N,,,1,MIN04,23093,181,0,02010033x,31,5,0,0,0,0,0,0,0,1,0,15,1,0,0,0,5,3,4,4,1,0,24,10,2,0,0,0,40,16,2,0,1,9,1,0,0,3,0,7,0,0,0,0,11,4,0,0,0,0,27,6,0,0,1,0,merzd901,Dan Merzel,rehaj901,Jeremie Rehak,wolcq901,Quinn Wolcott,wegnm901,Mark Wegner,,(none),,(none),mathm001,Mike Matheny,baldr001,Rocco Baldelli,grays001,Sonny Gray,greiz001,Zack Greinke,,(none),leons001,Sandy Leon,greiz001,Zack Greinke,grays001,Sonny Gray,melem001,MJ Melendez,9,wittb002,Bobby Witt,5,peres002,Salvador Perez,2,pasqv001,Vinnie Pasquantino,10,massm001,Michael Massey,4,taylm002,Michael Taylor,8,pratn001,Nick Pratto,3,isbek001,Kyle Isbel,7,lopen001,Nicky Lopez,6,arral001,Luis Arraez,4,corrc001,Carlos Correa,6,buxtb001,Byron Buxton,10,miraj002,Jose Miranda,3,keplm001,Max Kepler,9,urshg001,Giovanny Urshela,5,gordn001,Nick Gordon,7,celeg001,Gilberto Celestino,8,leons001,Sandy Leon,2,,Y,2,28,0,1,0
53675,0,,1,20220817,0,Wed,KCA,AL,119,MIN,AL,116,0,4,51,D,,,1,MIN04,23543,169,0,21010000x,31,6,0,0,0,0,0,0,0,2,0,8,0,0,2,0,6,2,3,3,0,0,24,9,1,0,1,0,31,7,1,0,1,3,0,0,0,2,0,4,1,0,1,0,5,6,0,0,0,0,27,7,0,0,2,0,rehaj901,Jeremie Rehak,wolcq901,Quinn Wolcott,wegnm901,Mark Wegner,merzd901,Dan Merzel,,(none),,(none),mathm001,Mike Matheny,baldr001,Rocco Baldelli,pagae001,Emilio Pagan,lyncd001,Daniel Lynch,,(none),miraj002,Jose Miranda,lyncd001,Daniel Lynch,mahlt001,Tyler Mahle,melem001,MJ Melendez,2,wittb002,Bobby Witt,5,peres002,Salvador Perez,10,pasqv001,Vinnie Pasquantino,3,rookb001,Brent Rooker,7,massm001,Michael Massey,4,taylm002,Michael Taylor,8,eaton001,Nate Eaton,9,garcm003,Maikel Garcia,6,buxtb001,Byron Buxton,10,corrc001,Carlos Correa,6,arral001,Luis Arraez,4,miraj002,Jose Miranda,3,urshg001,Giovanny Urshela,5,celeg001,Gilberto Celestino,8,sancg002,Gary Sanchez,2,keplm001,Max Kepler,9,gordn001,Nick Gordon,7,,Y,3,28,0,0,0
53701,0,,1,20220819,0,Fri,TEX,AL,119,MIN,AL,117,1,2,51,N,,,1,MIN04,22627,174,1000,20000000x,30,4,0,0,0,1,0,0,0,4,0,7,2,0,0,0,6,3,2,2,0,0,24,8,0,0,0,0,29,5,2,0,2,2,0,0,0,3,0,8,0,0,0,0,6,5,1,1,0,0,27,5,0,0,1,0,hobep901,Pat Hoberg,emmep901,Paul Emmel,drecb901,Bruce Dreckman,moorm901,Malachi Moore,,(none),,(none),beast801,Tony Beasley,baldr001,Rocco Baldelli,bundd001,Dylan Bundy,perem004,Martin Perez,lopej004,Jorge Lopez,arral001,Luis Arraez,perem004,Martin Perez,bundd001,Dylan Bundy,semim001,Marcus Semien,4,seagc001,Corey Seager,6,lowen001,Nate Lowe,3,garca005,Adolis Garcia,9,heimj001,Jonah Heim,2,tavel001,Leody Taveras,8,millb002,Brad Miller,10,smitj007,Josh Smith,5,thomb003,Bubba Thompson,7,buxtb001,Byron Buxton,8,corrc001,Carlos Correa,6,arral001,Luis Arraez,3,miraj002,Jose Miranda,10,urshg001,Giovanny Urshela,5,polaj001,Jorge Polanco,4,celeg001,Gilberto Celestino,7,keplm001,Max Kepler,9,leons001,Sandy Leon,2,,Y,5,11,0,1,0
53717,1,"Twins Hall of Fame mystery cap for the first 10,000 fans",1,20220820,0,Sat,TEX,AL,120,MIN,AL,118,4,3,60,N,,,1,MIN04,21781,207,1000010002,100101,41,11,2,0,0,4,0,0,1,1,0,8,0,0,1,0,10,5,1,1,0,0,30,13,2,0,1,0,37,6,1,0,0,2,0,0,0,5,0,5,0,0,1,0,10,5,3,3,0,0,30,10,1,0,1,0,emmep901,Paul Emmel,drecb901,Bruce Dreckman,moorm901,Malachi Moore,hobep901,Pat Hoberg,,(none),,(none),beast801,Tony Beasley,baldr001,Rocco Baldelli,hernj004,Jonathan Hernandez,thiec001,Caleb Thielbar,,(none),seagc001,Corey Seager,ottog001,Glenn Otto,archc001,Chris Archer,semim001,Marcus Semien,4,seagc001,Corey Seager,6,lowen001,Nate Lowe,3,garca005,Adolis Garcia,9,millb002,Brad Miller,10,tavel001,Leody Taveras,8,durae002,Ezequiel Duran,5,vilom001,Meibrys Viloria,2,thomb003,Bubba Thompson,7,arral001,Luis Arraez,3,corrc001,Carlos Correa,6,buxtb001,Byron Buxton,10,polaj001,Jorge Polanco,4,keplm001,Max Kepler,9,miraj002,Jose Miranda,5,gordn001,Nick Gordon,8,cavej001,Jake Cave,7,sancg002,Gary Sanchez,2,,Y,6,11,0,1,1
53731,1,"Twins Hall of Fame pin collectible set for the first 5,000 fans",0,20220821,0,Sun,TEX,AL,121,MIN,AL,119,7,0,54,D,,,0,MIN04,24802,174,100312,0,35,11,0,0,2,7,0,1,1,3,0,10,2,0,1,0,6,2,0,0,0,0,27,10,0,0,1,0,30,4,0,0,0,0,0,0,1,0,0,8,0,0,1,0,4,3,6,6,0,0,27,10,0,1,1,0,drecb901,Bruce Dreckman,moorm901,Malachi Moore,hobep901,Pat Hoberg,emmep901,Paul Emmel,,(none),,(none),beast801,Tony Beasley,baldr001,Rocco Baldelli,arihk001,Kohei Arihara,ryanj002,Joe Ryan,heart001,Taylor Hearn,semim001,Marcus Semien,arihk001,Kohei Arihara,ryanj002,Joe Ryan,semim001,Marcus Semien,4,seagc001,Corey Seager,6,lowen001,Nate Lowe,3,garca005,Adolis Garcia,9,heimj001,Jonah Heim,2,tavel001,Leody Taveras,8,calhk001,Kole Calhoun,7,millb002,Brad Miller,10,durae002,Ezequiel Duran,5,arral001,Luis Arraez,10,corrc001,Carlos Correa,6,polaj001,Jorge Polanco,4,miraj002,Jose Miranda,3,keplm001,Max Kepler,9,gordn001,Nick Gordon,8,urshg001,Giovanny Urshela,5,cavej001,Jake Cave,7,leons001,Sandy Leon,2,,Y,7,11,0,0,0
53740,0,,1,20220822,0,Mon,TEX,AL,122,MIN,AL,120,2,1,54,N,,,1,MIN04,18595,178,11000,100000,31,6,0,0,1,2,0,0,0,1,0,9,0,0,0,0,3,5,1,1,0,0,27,12,0,0,1,0,32,7,1,2,0,1,0,0,0,3,0,6,1,1,1,0,7,4,2,2,1,0,27,8,0,0,0,1,moorm901,Malachi Moore,hobep901,Pat Hoberg,emmep901,Paul Emmel,drecb901,Bruce Dreckman,,(none),,(none),beast801,Tony Beasley,baldr001,Rocco Baldelli,alexa001,A.J. Alexy,grays001,Sonny Gray,moorm003,Matt Moore,seagc001,Corey Seager,ragac001,Cole Ragans,grays001,Sonny Gray,semim001,Marcus Semien,4,seagc001,Corey Seager,6,lowen001,Nate Lowe,3,garca005,Adolis Garcia,9,heimj001,Jonah Heim,2,tavel001,Leody Taveras,8,calhk001,Kole Calhoun,7,millb002,Brad Miller,10,durae002,Ezequiel Duran,5,arral001,Luis Arraez,4,corrc001,Carlos Correa,6,buxtb001,Byron Buxton,8,miraj002,Jose Miranda,3,keplm001,Max Kepler,9,urshg001,Giovanny Urshela,5,gordn001,Nick Gordon,7,beckt001,Tim Beckham,10,leons001,Sandy Leon,2,,Y,1,11,0,1,0
53793,0,,0,20220826,0,Fri,SFN,NL,124,MIN,AL,124,0,9,51,N,,,0,MIN04,25246,175,0,20600001x,28,4,1,0,0,0,0,0,1,3,0,9,0,0,3,0,5,5,9,9,0,0,24,2,0,1,0,0,32,9,1,0,3,9,0,1,2,3,0,8,0,0,0,0,5,3,0,0,0,0,27,9,0,0,3,0,mosce901,Edwin Moscoso,kulpr901,Ron Kulpa,torrc901,Carlos Torres,conrc901,Chris Conroy,,(none),,(none),kaplg001,Gabe Kapler,baldr001,Rocco Baldelli,ryanj002,Joe Ryan,wooda002,Alex Wood,,(none),corrc001,Carlos Correa,wooda002,Alex Wood,ryanj002,Joe Ryan,lastt001,Tommy La Stella,10,florw001,Wilmer Flores,3,pedej001,Joc Pederson,7,longe001,Evan Longoria,5,estrt001,Thairo Estrada,4,crawb001,Brandon Crawford,6,slata001,Austin Slater,8,yastm001,Mike Yastrzemski,9,bartj003,Joey Bart,2,garlk001,Kyle Garlick,9,corrc001,Carlos Correa,6,miraj002,Jose Miranda,3,urshg001,Giovanny Urshela,5,polaj001,Jorge Polanco,4,celeg001,Gilberto Celestino,8,sancg002,Gary Sanchez,10,gordn001,Nick Gordon,7,leons001,Sandy Leon,2,,Y,5,5,1,1,0
53808,1,"Bryon Buxton bobblehead for the first 10,000 fans",0,20220827,0,Sat,SFN,NL,125,MIN,AL,125,2,3,58,N,,,0,MIN04,27570,237,100010,21,31,4,1,0,0,2,0,2,1,4,0,12,0,0,0,0,7,6,2,2,1,0,28,11,0,0,1,0,35,9,0,0,0,3,1,0,0,8,1,10,0,0,1,0,14,5,2,2,0,0,30,7,0,0,0,0,kulpr901,Ron Kulpa,torrc901,Carlos Torres,conrc901,Chris Conroy,mosce901,Edwin Moscoso,,(none),,(none),kaplg001,Gabe Kapler,baldr001,Rocco Baldelli,duraj002,Jhoan Duran,leond003,Dominic Leone,,(none),celeg001,Gilberto Celestino,cobba001,Alex Cobb,grays001,Sonny Gray,lastt001,Tommy La Stella,10,wadel001,LaMonte Wade,3,florw001,Wilmer Flores,5,yastm001,Mike Yastrzemski,9,estrt001,Thairo Estrada,4,crawb001,Brandon Crawford,6,slata001,Austin Slater,8,gonzl005,Luis Gonzalez,7,bartj003,Joey Bart,2,arral001,Luis Arraez,3,corrc001,Carlos Correa,6,polaj001,Jorge Polanco,4,miraj002,Jose Miranda,10,gordn001,Nick Gordon,7,urshg001,Giovanny Urshela,5,keplm001,Max Kepler,9,celeg001,Gilberto Celestino,8,leons001,Sandy Leon,2,,Y,6,5,1,1,1
53823,1,"Toy tractor for the first 5,000 kids ages 12 and under",0,20220828,0,Sun,SFN,NL,126,MIN,AL,126,3,8,51,D,,,0,MIN04,25285,207,1110000,00125000x,36,10,4,0,0,3,0,0,1,3,0,7,0,1,0,0,10,5,8,8,0,0,24,9,0,0,1,0,34,11,6,0,1,8,0,0,0,3,0,5,1,0,1,0,5,5,3,3,0,0,27,12,0,0,0,0,torrc901,Carlos Torres,conrc901,Chris Conroy,mosce901,Edwin Moscoso,kulpr901,Ron Kulpa,,(none),,(none),kaplg001,Gabe Kapler,baldr001,Rocco Baldelli,smeld001,Devin Smeltzer,junij001,Jake Junis,,(none),keplm001,Max Kepler,junij001,Jake Junis,sanca006,Aaron Sanchez,slata001,Austin Slater,8,florw001,Wilmer Flores,10,wadel001,LaMonte Wade,7,longe001,Evan Longoria,5,davij006,J.D. Davis,3,crawb001,Brandon Crawford,6,estrt001,Thairo Estrada,4,wynna001,Austin Wynns,2,yastm001,Mike Yastrzemski,9,arral001,Luis Arraez,3,corrc001,Carlos Correa,6,keplm001,Max Kepler,9,miraj002,Jose Miranda,10,gordn001,Nick Gordon,4,urshg001,Giovanny Urshela,5,cavej001,Jake Cave,7,sancg002,Gary Sanchez,2,celeg001,Gilberto Celestino,8,,Y,7,5,1,0,0
53834,0,,0,20220829,0,Mon,BOS,AL,129,MIN,AL,127,2,4,51,N,,,0,MIN04,19581,207,1100000,00013000x,37,10,2,0,0,2,0,0,0,1,0,9,1,0,0,0,9,5,4,4,0,0,24,4,0,0,0,0,29,7,1,0,0,4,0,1,0,6,0,8,0,1,0,0,8,5,2,2,0,0,27,6,0,0,0,0,mealj901,Jerry Meals,carav901,Vic Carapazza,becka901,Adam Beck,viscj901,Jansen Visconti,,(none),,(none),coraa001,Alex Cora,baldr001,Rocco Baldelli,thiec001,Caleb Thielbar,bellb002,Brayan Bello,lopej004,Jorge Lopez,urshg001,Giovanny Urshela,bellb002,Brayan Bello,bundd001,Dylan Bundy,phamt001,Tommy Pham,7,verda001,Alex Verdugo,9,bogax001,Xander Bogaerts,6,dever001,Rafael Devers,5,martj006,J.D. Martinez,10,stort001,Trevor Story,4,cordf003,Franchy Cordero,8,arroc001,Christian Arroyo,3,mcgur002,Reese McGuire,2,arral001,Luis Arraez,3,corrc001,Carlos Correa,6,keplm001,Max Kepler,9,miraj002,Jose Miranda,10,gordn001,Nick Gordon,4,urshg001,Giovanny Urshela,5,cavej001,Jake Cave,7,celeg001,Gilberto Celestino,8,leons001,Sandy Leon,2,,Y,1,3,0,1,0
53848,0,,0,20220830,0,Tue,BOS,AL,130,MIN,AL,128,5,10,51,N,,,0,MIN04,19909,207,130100,21004102x,32,7,2,0,0,4,0,1,0,5,0,9,0,0,1,0,6,5,9,9,0,0,24,8,1,0,0,0,33,9,3,0,3,10,0,0,1,6,0,8,0,0,0,0,6,6,5,5,1,0,27,12,0,0,1,0,carav901,Vic Carapazza,becka901,Adam Beck,viscj901,Jansen Visconti,mealj901,Jerry Meals,,(none),,(none),coraa001,Alex Cora,baldr001,Rocco Baldelli,fulmm001,Michael Fulmer,crawk001,Kutter Crawford,,(none),gordn001,Nick Gordon,crawk001,Kutter Crawford,archc001,Chris Archer,phamt001,Tommy Pham,7,verda001,Alex Verdugo,9,bogax001,Xander Bogaerts,6,dever001,Rafael Devers,5,martj006,J.D. Martinez,10,stort001,Trevor Story,4,cordf003,Franchy Cordero,3,herne001,Enrique Hernandez,8,mcgur002,Reese McGuire,2,arral001,Luis Arraez,3,corrc001,Carlos Correa,6,keplm001,Max Kepler,9,miraj002,Jose Miranda,10,gordn001,Nick Gordon,4,urshg001,Giovanny Urshela,5,cavej001,Jake Cave,7,celeg001,Gilberto Celestino,8,sancg002,Gary Sanchez,2,,Y,2,3,0,1,0
53863,0,,0,20220831,0,Wed,BOS,AL,131,MIN,AL,129,6,5,54,N,,,0,MIN04,19337,199,5001000,2000120,41,13,3,0,2,6,0,0,1,1,0,13,2,0,0,0,10,3,5,5,0,0,27,8,1,0,1,0,34,9,3,0,1,5,0,1,0,3,0,10,0,0,1,0,6,3,6,6,0,0,27,3,1,0,0,0,becka901,Adam Beck,viscj901,Jansen Visconti,mealj901,Jerry Meals,carav901,Vic Carapazza,,(none),,(none),coraa001,Alex Cora,baldr001,Rocco Baldelli,wachm001,Michael Wacha,ryanj002,Joe Ryan,barnm001,Matt Barnes,bogax001,Xander Bogaerts,wachm001,Michael Wacha,ryanj002,Joe Ryan,phamt001,Tommy Pham,7,verda001,Alex Verdugo,9,bogax001,Xander Bogaerts,6,dever001,Rafael Devers,5,martj006,J.D. Martinez,10,stort001,Trevor Story,4,herne001,Enrique Hernandez,8,dalbb001,Bobby Dalbec,3,plawk001,Kevin Plawecki,2,arral001,Luis Arraez,10,corrc001,Carlos Correa,6,miraj002,Jose Miranda,3,keplm001,Max Kepler,9,garlk001,Kyle Garlick,7,urshg001,Giovanny Urshela,5,gordn001,Nick Gordon,4,celeg001,Gilberto Celestino,8,leons001,Sandy Leon,2,,Y,3,3,0,1,0
53979,0,,0,20220909,0,Fri,CLE,AL,136,MIN,AL,137,7,6,54,N,,,0,MIN04,18595,216,400120000,22020,41,15,1,0,3,7,0,0,1,0,0,5,1,0,1,0,8,6,5,5,0,0,27,6,2,0,1,0,40,14,3,0,1,5,0,0,1,2,0,11,0,0,1,0,10,3,7,7,0,0,27,8,0,0,1,0,barrt901,Ted Barrett,lentn901,Nic Lentz,ramoc901,Charlie Ramos,estam901,Mike Estabrook,,(none),,(none),frant001,Terry Francona,baldr001,Rocco Baldelli,quanc001,Cal Quantrill,bundd001,Dylan Bundy,clase001,Emmanuel Clase,naylj001,Josh Naylor,quanc001,Cal Quantrill,bundd001,Dylan Bundy,kwans001,Steven Kwan,7,rosaa003,Amed Rosario,6,ramij003,Jose Ramirez,5,naylj001,Josh Naylor,3,gonzo001,Oscar Gonzalez,9,gimea001,Andres Gimenez,4,palar002,Richie Palacios,10,hedga001,Austin Hedges,2,stram002,Myles Straw,8,arral001,Luis Arraez,4,corrc001,Carlos Correa,6,miraj002,Jose Miranda,3,gordn001,Nick Gordon,7,urshg001,Giovanny Urshela,5,sancg002,Gary Sanchez,10,cavej001,Jake Cave,9,celeg001,Gilberto Celestino,8,leons001,Sandy Leon,2,,Y,5,24,0,1,0
53994,1,"T.C. Build-A-Bear for the first 5,000 kids ages 12 and under",0,20220910,0,Sat,CLE,AL,137,MIN,AL,138,6,4,54,N,,,0,MIN04,26073,207,202100100,4,33,7,1,0,1,6,0,0,2,7,0,7,2,0,1,0,9,4,4,4,0,0,27,9,1,0,1,0,37,12,4,0,0,3,0,1,0,2,0,6,0,0,1,0,9,4,6,6,0,0,27,9,0,0,1,0,lentn901,Nic Lentz,ramoc901,Charlie Ramos,estam901,Mike Estabrook,barrt901,Ted Barrett,,(none),,(none),frant001,Terry Francona,baldr001,Rocco Baldelli,mcket001,Triston McKenzie,archc001,Chris Archer,clase001,Emmanuel Clase,rosaa003,Amed Rosario,mcket001,Triston McKenzie,archc001,Chris Archer,kwans001,Steven Kwan,10,rosaa003,Amed Rosario,6,ramij003,Jose Ramirez,5,naylj001,Josh Naylor,3,gonzo001,Oscar Gonzalez,9,gimea001,Andres Gimenez,4,bensw001,Will Benson,7,maill001,Luke Maile,2,stram002,Myles Straw,8,arral001,Luis Arraez,10,corrc001,Carlos Correa,6,miraj002,Jose Miranda,3,keplm001,Max Kepler,9,urshg001,Giovanny Urshela,5,gordn001,Nick Gordon,4,garlk001,Kyle Garlick,7,sancg002,Gary Sanchez,2,cavej001,Jake Cave,8,,Y,6,24,0,1,0
54009,0,,0,20220911,0,Sun,CLE,AL,138,MIN,AL,139,4,1,54,D,,,0,MIN04,19016,199,11000002,10000,37,10,2,0,2,4,0,0,1,5,2,10,2,0,0,0,12,4,1,1,0,0,27,7,0,0,0,0,32,5,1,0,0,1,0,0,0,3,0,11,1,0,0,0,7,6,4,4,0,0,27,5,0,0,0,0,ramoc901,Charlie Ramos,estam901,Mike Estabrook,barrt901,Ted Barrett,lentn901,Nic Lentz,,(none),,(none),frant001,Terry Francona,baldr001,Rocco Baldelli,biebs001,Shane Bieber,windj002,Josh Winder,karij001,James Karinchak,gimea001,Andres Gimenez,biebs001,Shane Bieber,windj002,Josh Winder,kwans001,Steven Kwan,7,rosaa003,Amed Rosario,6,ramij003,Jose Ramirez,5,naylj001,Josh Naylor,10,gonzo001,Oscar Gonzalez,9,gimea001,Andres Gimenez,4,millo002,Owen Miller,3,hedga001,Austin Hedges,2,stram002,Myles Straw,8,arral001,Luis Arraez,10,corrc001,Carlos Correa,6,miraj002,Jose Miranda,3,keplm001,Max Kepler,9,urshg001,Giovanny Urshela,5,gordn001,Nick Gordon,4,garlk001,Kyle Garlick,7,cavej001,Jake Cave,8,leons001,Sandy Leon,2,,Y,7,24,0,0,1
54035,0,,0,20220913,0,Tue,KCA,AL,142,MIN,AL,140,3,6,51,N,,,0,MIN04,19005,163,3,00203100x,27,2,1,0,0,3,0,1,0,4,0,13,0,1,0,0,2,3,6,6,0,0,24,10,0,0,2,0,32,11,2,0,3,6,0,0,0,3,0,9,0,0,2,0,5,2,3,3,0,0,27,4,0,0,0,0,barrs901,Scott Barry,valej901,Junior Valentine,may-b901,Ben May,iassd901,Dan Iassogna,,(none),,(none),mathm001,Mike Matheny,baldr001,Rocco Baldelli,ryanj002,Joe Ryan,bubik001,Kris Bubic,,(none),corrc001,Carlos Correa,bubik001,Kris Bubic,ryanj002,Joe Ryan,melem001,MJ Melendez,7,wittb002,Bobby Witt,6,peres002,Salvador Perez,2,pasqv001,Vinnie Pasquantino,10,pratn001,Nick Pratto,3,eaton001,Nate Eaton,5,isbek001,Kyle Isbel,9,wated001,Drew Waters,8,lopen001,Nicky Lopez,4,arral001,Luis Arraez,10,corrc001,Carlos Correa,6,garlk001,Kyle Garlick,9,miraj002,Jose Miranda,3,gordn001,Nick Gordon,4,urshg001,Giovanny Urshela,5,cavej001,Jake Cave,7,sancg002,Gary Sanchez,2,celeg001,Gilberto Celestino,8,,Y,2,28,0,1,0
54051,0,,0,20220914,0,Wed,KCA,AL,143,MIN,AL,141,0,4,51,N,,,0,MIN04,14927,163,0,30000010x,32,5,1,0,0,0,0,0,0,1,0,10,0,0,0,0,6,5,4,4,0,0,24,8,0,0,1,0,30,8,2,0,0,3,0,1,1,4,0,5,0,0,1,0,8,3,0,0,0,0,27,7,0,1,0,0,valej901,Junior Valentine,may-b901,Ben May,iassd901,Dan Iassogna,barrs901,Scott Barry,,(none),,(none),mathm001,Mike Matheny,baldr001,Rocco Baldelli,grays001,Sonny Gray,greiz001,Zack Greinke,,(none),,(none),greiz001,Zack Greinke,grays001,Sonny Gray,melem001,MJ Melendez,7,wittb002,Bobby Witt,6,peres002,Salvador Perez,2,pasqv001,Vinnie Pasquantino,3,taylm002,Michael Taylor,8,ohear001,Ryan O'Hearn,10,dozih001,Hunter Dozier,5,massm001,Michael Massey,4,wated001,Drew Waters,9,arral001,Luis Arraez,4,corrc001,Carlos Correa,6,miraj002,Jose Miranda,3,urshg001,Giovanny Urshela,5,gordn001,Nick Gordon,7,sancg002,Gary Sanchez,10,celeg001,Gilberto Celestino,8,cavej001,Jake Cave,9,leons001,Sandy Leon,2,,Y,3,28,0,1,0
54061,0,,0,20220915,0,Thu,KCA,AL,144,MIN,AL,142,2,3,51,N,,,0,MIN04,16595,169,10100000,12000000x,32,6,1,0,1,2,1,0,1,0,0,8,0,0,0,0,5,3,3,3,0,0,24,12,0,0,2,0,30,8,1,0,2,3,0,0,0,2,0,10,0,0,2,0,5,6,2,2,0,0,27,4,0,0,0,0,may-b901,Ben May,iassd901,Dan Iassogna,barrs901,Scott Barry,valej901,Junior Valentine,,(none),,(none),mathm001,Mike Matheny,baldr001,Rocco Baldelli,megit001,Trevor Megill,lyncd001,Daniel Lynch,duraj002,Jhoan Duran,gordn001,Nick Gordon,lyncd001,Daniel Lynch,bundd001,Dylan Bundy,melem001,MJ Melendez,7,wittb002,Bobby Witt,5,peres002,Salvador Perez,2,pasqv001,Vinnie Pasquantino,10,massm001,Michael Massey,4,taylm002,Michael Taylor,8,pratn001,Nick Pratto,3,isbek001,Kyle Isbel,9,lopen001,Nicky Lopez,6,garlk001,Kyle Garlick,10,corrc001,Carlos Correa,6,miraj002,Jose Miranda,3,urshg001,Giovanny Urshela,5,sancg002,Gary Sanchez,2,celeg001,Gilberto Celestino,8,gordn001,Nick Gordon,7,palaj002,Jermaine Palacios,4,cavej001,Jake Cave,9,,Y,4,28,0,1,0
54173,1,"Fan appreciation Twins beanie for the first 20,000 fans",0,20220923,0,Fri,ANA,AL,151,MIN,AL,151,4,2,54,N,,,0,MIN04,24896,201,11001100,100001000,34,8,1,0,2,4,0,0,0,3,0,7,0,0,0,0,6,4,2,2,0,0,27,9,0,0,2,0,30,5,0,0,0,1,0,0,1,6,0,12,0,0,2,0,8,4,4,4,0,0,27,4,0,0,1,0,wendh902,Hunter Wendelstedt,whitc901,Chad Whitson,belld901,Dan Bellino,hamaa901,Adam Hamari,,(none),,(none),nevip001,Phil Nevin,baldr001,Rocco Baldelli,ohtas001,Shohei Ohtani,varll001,Louie Varland,teper001,Ryan Tepera,troum001,Mike Trout,ohtas001,Shohei Ohtani,varll001,Louie Varland,rengl001,Luis Rengifo,4,troum001,Mike Trout,8,ohtas001,Shohei Ohtani,10,wardt002,Taylor Ward,9,fordm002,Mike Ford,3,duffm002,Matt Duffy,5,monim001,Mickey Moniak,7,stasm001,Max Stassi,2,sotol001,Livan Soto,6,arral001,Luis Arraez,10,miraj002,Jose Miranda,3,gordn001,Nick Gordon,4,urshg001,Giovanny Urshela,5,cavej001,Jake Cave,7,sancg002,Gary Sanchez,2,wallm001,Matt Wallner,9,contm001,Mark Contreras,8,palaj002,Jermaine Palacios,6,,Y,5,9,0,1,0
54188,1,"Fan appreciation Twins beanie for the first 20,000 fans",0,20220924,0,Sat,ANA,AL,152,MIN,AL,152,4,8,51,N,,,0,MIN04,30959,169,3000001,21013010x,34,7,1,0,0,4,0,1,0,4,0,9,0,0,0,0,8,4,6,6,0,0,24,7,3,0,1,0,35,11,1,1,1,8,0,2,0,1,0,4,0,0,1,0,6,6,4,4,0,0,27,5,1,0,0,0,whitc901,Chad Whitson,belld901,Dan Bellino,hamaa901,Adam Hamari,wendh902,Hunter Wendelstedt,,(none),,(none),nevip001,Phil Nevin,baldr001,Rocco Baldelli,jax-g001,Griffin Jax,detmr001,Reid Detmers,,(none),palaj002,Jermaine Palacios,detmr001,Reid Detmers,ryanj002,Joe Ryan,rengl001,Luis Rengifo,4,troum001,Mike Trout,8,ohtas001,Shohei Ohtani,10,wardt002,Taylor Ward,9,fordm002,Mike Ford,3,duffm002,Matt Duffy,5,thaim001,Matt Thaiss,2,monim001,Mickey Moniak,7,sotol001,Livan Soto,6,miraj002,Jose Miranda,10,corrc001,Carlos Correa,6,arral001,Luis Arraez,3,urshg001,Giovanny Urshela,5,sancg002,Gary Sanchez,2,celeg001,Gilberto Celestino,8,cavej001,Jake Cave,7,palaj002,Jermaine Palacios,4,wallm001,Matt Wallner,9,,Y,6,9,0,1,0
54203,1,"Kids appreciation Twins beanie for the first 5,000 kids ages 12 and under",0,20220925,0,Sun,ANA,AL,153,MIN,AL,153,10,3,54,D,,,0,MIN04,24133,227,201200005,101000010,43,16,6,0,1,9,0,0,0,3,0,7,1,0,0,0,9,5,3,3,0,0,27,6,0,0,0,0,38,11,3,0,1,3,0,0,1,1,0,14,0,0,0,0,10,4,9,9,0,0,27,8,2,0,0,0,belld901,Dan Bellino,hamaa901,Adam Hamari,wendh902,Hunter Wendelstedt,whitc901,Chad Whitson,,(none),,(none),nevip001,Phil Nevin,baldr001,Rocco Baldelli,suarj001,Jose Suarez,bundd001,Dylan Bundy,,(none),,(none),suarj001,Jose Suarez,bundd001,Dylan Bundy,rengl001,Luis Rengifo,5,troum001,Mike Trout,8,ohtas001,Shohei Ohtani,10,wardt002,Taylor Ward,9,thaim001,Matt Thaiss,3,monim001,Mickey Moniak,7,stasm001,Max Stassi,2,sotol001,Livan Soto,6,stefm001,Michael Stefanic,4,miraj002,Jose Miranda,3,corrc001,Carlos Correa,6,urshg001,Giovanny Urshela,5,sancg002,Gary Sanchez,10,gordn001,Nick Gordon,7,celeg001,Gilberto Celestino,8,palaj002,Jermaine Palacios,4,cavej001,Jake Cave,9,hamic001,Caleb Hamilton,2,,Y,7,9,0,0,1
54224,0,,0,20220927,0,Tue,CHA,AL,154,MIN,AL,154,0,4,51,N,,,0,MIN04,23647,158,0,01100200x,28,2,1,0,0,0,0,0,0,1,0,14,0,0,1,0,2,3,4,4,0,0,24,5,0,0,1,0,33,10,3,0,1,4,0,0,1,1,0,8,0,0,1,0,7,3,0,0,0,0,27,6,0,0,1,0,viscj901,Jansen Visconti,carav901,Vic Carapazza,mealj901,Jerry Meals,millb903,Brennan Miller,,(none),,(none),larut101,Tony LaRussa,baldr001,Rocco Baldelli,oberb002,Bailey Ober,lynnl001,Lance Lynn,,(none),cavej001,Jake Cave,lynnl001,Lance Lynn,oberb002,Bailey Ober,andre001,Elvis Andrus,6,moncy001,Yoan Moncada,5,abrej003,Jose Abreu,3,jimee001,Eloy Jimenez,10,sheeg001,Gavin Sheets,9,polla001,A.J. Pollock,8,vauga001,Andrew Vaughn,7,grany001,Yasmani Grandal,2,harrj002,Josh Harrison,4,arral001,Luis Arraez,3,corrc001,Carlos Correa,6,gordn001,Nick Gordon,4,miraj002,Jose Miranda,10,urshg001,Giovanny Urshela,5,cavej001,Jake Cave,7,sancg002,Gary Sanchez,2,wallm001,Matt Wallner,9,contm001,Mark Contreras,8,,Y,2,15,0,1,0
54239,0,,0,20220928,0,Wed,CHA,AL,155,MIN,AL,155,4,8,51,N,,,0,MIN04,22332,186,20010100,03020111x,34,9,1,0,0,4,0,1,2,0,0,10,0,0,1,0,6,4,8,8,1,0,24,8,0,0,2,0,34,12,5,0,0,7,0,0,0,5,1,10,1,0,2,0,7,5,4,4,0,0,27,8,0,0,1,0,carav901,Vic Carapazza,mealj901,Jerry Meals,millb903,Brennan Miller,viscj901,Jansen Visconti,,(none),,(none),larut101,Tony LaRussa,baldr001,Rocco Baldelli,thiec001,Caleb Thielbar,cuetj001,Johnny Cueto,,(none),wallm001,Matt Wallner,cuetj001,Johnny Cueto,windj002,Josh Winder,andre001,Elvis Andrus,6,vauga001,Andrew Vaughn,7,abrej003,Jose Abreu,3,jimee001,Eloy Jimenez,10,sheeg001,Gavin Sheets,9,polla001,A.J. Pollock,8,grany001,Yasmani Grandal,2,harrj002,Josh Harrison,5,gonzr003,Romy Gonzalez,4,arral001,Luis Arraez,4,corrc001,Carlos Correa,10,gordn001,Nick Gordon,6,miraj002,Jose Miranda,3,urshg001,Giovanny Urshela,5,cavej001,Jake Cave,7,wallm001,Matt Wallner,9,jeffr002,Ryan Jeffers,2,contm001,Mark Contreras,8,,Y,3,15,0,1,0
54250,0,,0,20220929,0,Thu,CHA,AL,156,MIN,AL,156,4,3,54,D,,,0,MIN04,23397,191,2001010,200001000,33,7,1,1,0,4,0,1,0,3,0,6,0,0,1,0,6,6,3,3,0,0,27,9,1,0,1,0,33,6,1,0,0,3,0,0,0,6,0,12,3,0,0,0,9,6,3,3,2,0,27,12,1,0,1,0,mealj901,Jerry Meals,millb903,Brennan Miller,viscj901,Jansen Visconti,carav901,Vic Carapazza,,(none),,(none),larut101,Tony LaRussa,baldr001,Rocco Baldelli,loper003,Reynaldo Lopez,thiec001,Caleb Thielbar,hendl001,Liam Hendriks,abrej003,Jose Abreu,gioll001,Lucas Giolito,varll001,Louie Varland,andre001,Elvis Andrus,6,paytm001,Mark Payton,7,abrej003,Jose Abreu,10,sheeg001,Gavin Sheets,9,vauga001,Andrew Vaughn,3,polla001,A.J. Pollock,8,grany001,Yasmani Grandal,2,harrj002,Josh Harrison,5,gonzr003,Romy Gonzalez,4,miraj002,Jose Miranda,5,corrc001,Carlos Correa,6,arral001,Luis Arraez,3,urshg001,Giovanny Urshela,10,sancg002,Gary Sanchez,2,gordn001,Nick Gordon,4,celeg001,Gilberto Celestino,8,cavej001,Jake Cave,7,wallm001,Matt Wallner,9,,Y,4,15,0,0,0